policy,n,xo,env,num_machines,lead_time_p,mttf,a,co,ce,max_batch_size,sorted_degradation,avg_cost,std_cost,avg_FR,std_FR,avg_ES,std_ES
ppo,0,0,Inventory,1,0.2,10,1,2,5,3,False,0.5331450000000336,0.005763048238561524,0.5401348952436117,0.011268428841867444,0.12324090909090919,0.002306122823992521
ppo,0,0,Inventory,1,0.2,10,1,2,5,5,False,0.5311050000000311,0.005059073531783591,0.4954925905668297,0.009831043828945845,0.10031363636363629,0.0034556487472634555
ppo,0,0,Inventory,1,0.2,10,1,2,10,3,False,0.7215949999999942,0.009722999794300129,0.6439092615629074,0.00802209608753026,0.19378636363636378,0.005446169705656488
ppo,0,0,Inventory,1,0.2,10,1,2,10,5,False,0.7244849999999919,0.009135016420345438,0.6708048460328646,0.008851361183297922,0.21870454545454548,0.003920398550324548
ppo,0,0,Inventory,1,0.5,10,1,2,5,3,False,0.45305500000003135,0.005352637200483994,0.6817247687446868,0.007431924730586045,0.10984545454545461,0.0023521750089496693
ppo,0,0,Inventory,1,0.5,10,1,2,5,5,False,0.4551950000000285,0.004861452972106807,0.6362029865886556,0.00794086642034232,0.09261363636363631,0.002649438580791818
ppo,0,0,Inventory,1,0.5,10,1,2,10,3,False,0.5601300000000334,0.005269449686634711,0.8340569258137635,0.003960185697200058,0.21128181818181827,0.00296674404826826
ppo,0,0,Inventory,1,0.5,10,1,2,10,5,False,0.5610900000000336,0.007939389145266292,0.829298913221273,0.006273656245637474,0.20754545454545426,0.0037551067156981932
ppo,0,0,Inventory,2,0.2,10,1,2,5,3,False,0.9425849999999845,0.006498924911092743,0.5053454689604772,0.009662962714483931,0.2494045454545457,0.006756981391173299
ppo,0,0,Inventory,2,0.2,10,1,2,5,5,False,0.943864999999982,0.006420710630453014,0.5315236952313829,0.010184474304070398,0.27663636363636257,0.008440335076189019
ppo,0,0,Inventory,2,0.2,10,1,2,10,3,False,1.3175999999998285,0.013423486879347652,0.7152565475804739,0.009025920987823373,0.5001454545454544,0.008259324807815322
ppo,0,0,Inventory,2,0.2,10,1,2,10,5,False,1.3161949999998361,0.016152499032653204,0.7018864819458545,0.007143535736674389,0.47449545454545444,0.005929560698959508
ppo,0,0,Inventory,2,0.5,10,1,2,5,3,False,0.8485299999999836,0.00807072487450584,0.6930906530262076,0.007109961459191303,0.3339136363636364,0.003620445271916193
ppo,0,0,Inventory,2,0.5,10,1,2,5,5,False,0.8365399999999928,0.008479380873624147,0.6612652046783637,0.006021934757434781,0.27954090909090884,0.003748192401810641
ppo,0,0,Inventory,2,0.5,10,1,2,10,3,False,1.0495899999999385,0.010695414905457895,0.8465954517769554,0.006012877394025783,0.5233500000000006,0.005265710456490174
ppo,0,0,Inventory,2,0.5,10,1,2,10,5,False,1.0579899999999287,0.013143816036439422,0.8534850405753465,0.00632122620046249,0.549499999999999,0.005148336809186856
ppo,0,0,Inventory,5,0.2,10,1,2,5,3,False,2.0167799999998115,0.011386707162296839,0.587576482807368,0.004791413572103796,0.6882772727272743,0.01266942127870068
ppo,0,0,Inventory,5,0.2,10,1,2,5,5,False,2.020469999999815,0.012283061507623134,0.5735078670063861,0.005881439259850951,0.6105409090909097,0.00877422149309664
ppo,0,0,Inventory,5,0.2,10,1,2,10,3,False,2.621849999999524,0.017519574766522387,0.8222620292211413,0.004944741713257834,1.2660045454545448,0.013334096138651098
ppo,0,0,Inventory,5,0.2,10,1,2,10,5,False,2.622699999999554,0.026697321963065332,0.817298817634333,0.005216564711157413,1.21945909090909,0.009258666924732943
ppo,0,0,Inventory,5,0.5,10,1,2,5,3,False,1.7476949999997795,0.008600449116175085,0.7772530692921541,0.004095619861855034,0.7850409090909081,0.007978909441004737
ppo,0,0,Inventory,5,0.5,10,1,2,5,5,False,1.75197999999978,0.005120654255073357,0.765135622614973,0.002627951015465574,0.7218636363636354,0.0020490876825007853
ppo,0,0,Inventory,5,0.5,10,1,2,10,3,False,2.134114999999588,0.01323183755190375,0.8898586328450587,0.0032220959040774014,1.131459090909092,0.006050525897501894
ppo,0,0,Inventory,5,0.5,10,1,2,10,5,False,2.143604999999593,0.01620525300635135,0.8675660120639133,0.0034586775758834723,1.044768181818183,0.008809847279661134
ppo,0,0,Inventory,10,0.2,10,1,2,5,3,False,3.4138299999994843,0.01850651506901491,0.6453873240960263,0.004448968609452666,1.0707636363636361,0.00882166753974522
ppo,0,0,Inventory,10,0.2,10,1,2,5,5,False,3.3857149999994185,0.018483249849522914,0.7294801719281726,0.006004233485847483,1.448254545454546,0.013649072865316627
ppo,0,0,Inventory,10,0.2,10,1,2,10,3,False,4.212949999999081,0.033131261672314005,0.856639428951271,0.003367774791388848,1.9529909090909094,0.01852336920248597
ppo,0,0,Inventory,10,0.2,10,1,2,10,5,False,4.182079999999054,0.0231919188511824,0.8757793326785652,0.003065193855783651,2.1217227272727324,0.021383302843476518
ppo,0,0,Inventory,10,0.5,10,1,2,5,3,False,2.8567249999994844,0.01529330327299832,0.7998385322612827,0.0035262210616811025,1.2567863636363643,0.00947048590652908
ppo,0,0,Inventory,10,0.5,10,1,2,5,5,False,2.9107249999994886,0.014600860419845624,0.7333990607654377,0.003438954148964809,1.0168454545454542,0.0053008731543372255
ppo,0,0,Inventory,10,0.5,10,1,2,10,3,False,3.491424999999226,0.016947643641519006,0.908357165130132,0.0025086301031754816,1.906045454545454,0.013395555572312577
ppo,0,0,Inventory,10,0.5,10,1,2,10,5,False,3.4901749999992275,0.010681485149536481,0.9134090072903523,0.000816860207912443,1.964300000000001,0.01246310588354539
dqn,0,0,Inventory,1,0.2,10,1,2,5,5,False,0.5324550000000308,0.0055058809467690905,0.4921618532663069,0.006673401400530276,0.09886363636363638,0.0018731464667640393
dqn,0,0,Inventory,1,0.2,10,1,2,5,3,False,0.52820000000003,0.005602633309434823,0.48279069319490403,0.010911783755073729,0.09279545454545443,0.0030351419698029965
dqn,0,0,Inventory,1,0.2,10,1,2,10,3,False,0.7302349999999891,0.008489818902657924,0.6812977622124493,0.008994556620160368,0.2342136363636364,0.0033686725197701614
dqn,0,0,Inventory,1,0.2,10,1,2,10,5,False,0.72472499999999,0.007135518551581544,0.6701447445162672,0.007387926367229681,0.2213454545454545,0.0029466467845210985
dqn,0,0,Inventory,1,0.5,10,1,2,5,3,False,0.454450000000031,0.005145434869863265,0.6769349924894013,0.010891202060940963,0.10835909090909086,0.0030347471200488684
dqn,0,0,Inventory,1,0.5,10,1,2,5,5,False,0.4552300000000319,0.003852609505257837,0.6824619346828488,0.010721084855614233,0.11265454545454542,0.0020115575150523517
dqn,0,0,Inventory,1,0.5,10,1,2,10,3,False,0.5644700000000322,0.008766618504300301,0.8353377039949382,0.007018176369435162,0.2168772727272727,0.003438842900725091
dqn,0,0,Inventory,1,0.5,10,1,2,10,5,False,0.562770000000034,0.00788302606870995,0.8406020076061063,0.00709471494344154,0.2204181818181818,0.00360485210205432
dqn,0,0,Inventory,2,0.2,10,1,2,5,3,False,0.956724999999987,0.007268330275929518,0.5990581198144661,0.009352099549958972,0.3515909090909089,0.006018291677108217
dqn,0,0,Inventory,2,0.2,10,1,2,5,5,False,0.933629999999995,0.005767200360659621,0.4885746245034361,0.008210067439888133,0.22022727272727272,0.005126982583666768
dqn,0,0,Inventory,2,0.2,10,1,2,10,3,False,1.3262849999998394,0.011873332514500368,0.7014517277025181,0.007932032887765124,0.5482681818181812,0.006684428989008755
dqn,0,0,Inventory,2,0.2,10,1,2,10,5,False,1.3178449999998338,0.009134397900241838,0.7297633822594571,0.006105109307700772,0.5189000000000004,0.008406063337047845
dqn,0,0,Inventory,2,0.5,10,1,2,5,3,False,0.8173599999999978,0.005971214281867458,0.7353005180519182,0.006609686661148769,0.30538636363636323,0.00407340954106729
dqn,0,0,Inventory,2,0.5,10,1,2,5,5,False,0.8296800000000009,0.006642183375966779,0.6238264444284768,0.005833570169642255,0.22166818181818188,0.002451433212100307
dqn,0,0,Inventory,2,0.5,10,1,2,10,5,False,1.0403049999999503,0.012346547088150639,0.790167045235984,0.0056860961354213875,0.36571818181818144,0.005029368295774775
dqn,0,0,Inventory,2,0.5,10,1,2,10,3,False,1.0223899999999604,0.01012271702656714,0.8520897359563356,0.005868537616748565,0.48557272727272716,0.004994757582284173
dqn,0,0,Inventory,5,0.2,10,1,2,5,3,False,2.0061549999997874,0.007124094679320244,0.6356770049660658,0.004646191981860225,0.688722727272727,0.010708312404178284
dqn,0,0,Inventory,5,0.2,10,1,2,5,5,False,2.3655499999997507,0.011393353325505598,0.731678626158331,0.006899460448133441,1.4743909090909075,0.023957100088035744
dqn,0,0,Inventory,5,0.2,10,1,2,10,3,False,2.627359999999555,0.014777919339341446,0.7902769439306786,0.00564908201060782,1.0840636363636373,0.018500281436323304
dqn,0,0,Inventory,5,0.2,10,1,2,10,5,False,2.7331849999995237,0.016777053525570275,0.866729220805367,0.0038328101294999124,1.5828772727272704,0.011073758162192311
dqn,0,0,Inventory,5,0.5,10,1,2,5,3,False,1.716969999999811,0.011012951466339608,0.725319775707408,0.006315713023701155,0.6498636363636361,0.006919340483550636
dqn,0,0,Inventory,5,0.5,10,1,2,5,5,False,2.684099999999538,0.009572277680887309,0.9292460303021954,0.002686686218579417,2.271068181818181,0.013021870509654568
dqn,0,0,Inventory,5,0.5,10,1,2,10,3,False,2.1381149999995857,0.015173431549915217,0.8944917248188371,0.0032675850428674426,1.134704545454547,0.005455880518433471
dqn,0,0,Inventory,5,0.5,10,1,2,10,5,False,2.8835399999994507,0.016300671765295677,0.9581240896673553,0.002319659569177599,2.3215272727272724,0.012508413697316784
dqn,0,0,Inventory,10,0.2,10,1,2,5,3,False,3.3663599999994047,0.015796515438539948,0.7273121455667064,0.002886281045247384,1.4312000000000022,0.016083578196511916
dqn,0,0,Inventory,10,0.2,10,1,2,5,5,False,4.447779999999305,0.013133206006146704,0.878190517023125,0.004867915394792427,3.39108181818182,0.02893366451296572
dqn,0,0,Inventory,10,0.2,10,1,2,10,3,False,4.207649999999019,0.029285610801197515,0.9012646914282539,0.0027995964682411716,2.368613636363632,0.02535751188683447
dqn,0,0,Inventory,10,0.2,10,1,2,10,5,False,4.978184999999295,0.02091841353927845,0.9107600875858948,0.0018145175903969757,3.5651318181818157,0.020738587920241983
dqn,0,0,Inventory,10,0.5,10,1,2,5,3,False,2.8250199999995007,0.01037947975575182,0.7798254962156997,0.003037826237973499,1.0445318181818197,0.007478980186372476
dqn,0,0,Inventory,10,0.5,10,1,2,5,5,False,6.139624999999013,0.012829287782257111,0.9955926302092959,0.0007638484654564587,5.643799999999997,0.013671805457313953
dqn,0,0,Inventory,10,0.5,10,1,2,10,3,False,3.51622499999921,0.02268900890298983,0.9355047339909591,0.003391321241829273,2.227350000000002,0.01350145462012801
dqn,0,0,Inventory,10,0.5,10,1,2,10,5,False,6.161169999998997,0.023607077328618477,0.9955012290890455,0.00039869097117173504,5.638990909090895,0.02581576333102884
ppo,0,0,Inventory,1,0.2,5,1,2,5,3,False,1.017479999999995,0.008333882648561107,0.467155651390945,0.00891106754273049,0.16725909090909089,0.0040124831041583675
ppo,0,0,Inventory,1,0.2,5,1,2,5,5,False,1.0088949999999555,0.008618916695268163,0.5961716036584672,0.005027060939905055,0.2802636363636366,0.003014757093130091
ppo,0,0,Inventory,1,0.2,5,1,2,10,3,False,1.3817799999998153,0.01577564895653513,0.5946694012147801,0.009162991413956224,0.2782090909090903,0.004425564352114665
ppo,0,0,Inventory,1,0.2,5,1,2,10,5,False,1.3742849999998135,0.012708856164103754,0.5981149809972804,0.006132839154255949,0.27955909090909,0.003231690318401426
ppo,0,0,Inventory,1,0.5,5,1,2,5,3,False,0.8681799999999866,0.009061683066627347,0.7123869122741854,0.006136809287209563,0.2412818181818182,0.0038263332900155154
ppo,0,0,Inventory,1,0.5,5,1,2,5,5,False,0.8618699999999979,0.008190091574580177,0.6688955375330397,0.007246125292587915,0.19826818181818182,0.0032043004419550383
ppo,0,0,Inventory,1,0.5,5,1,2,10,3,False,1.0456499999998607,0.009800076530307596,0.8953290831426189,0.003801484037203378,0.49290454545454576,0.004263503099293805
ppo,0,0,Inventory,1,0.5,5,1,2,10,5,False,1.0484099999998588,0.005210652550301375,0.8939993527688909,0.002602368301000323,0.4923590909090912,0.003807151274436917
ppo,0,0,Inventory,2,0.2,5,1,2,5,3,False,1.7139699999997373,0.014287358048285357,0.4672299971481443,0.009137109851177104,0.36295909090909106,0.005625886523344206
ppo,0,0,Inventory,2,0.2,5,1,2,5,5,False,1.705514999999716,0.009484567728682577,0.544095923913016,0.005995268909823675,0.42255909090909116,0.006176536848268348
ppo,0,0,Inventory,2,0.2,5,1,2,10,3,False,2.4719149999997727,0.016262472905438353,0.6030772690094871,0.004811321148393899,0.46619090909090904,0.006013201729637974
ppo,0,0,Inventory,2,0.2,5,1,2,10,5,False,2.471879999999776,0.012427855808624004,0.633321112795835,0.00474127743622453,0.48015454545454556,0.004752128709612723
ppo,0,0,Inventory,2,0.5,5,1,2,5,3,False,1.435384999999777,0.013003692744750737,0.700494385412176,0.007126946597061455,0.4689636363636362,0.003017086329118825
ppo,0,0,Inventory,2,0.5,5,1,2,5,5,False,1.42814499999979,0.010445440392820696,0.7051297114091435,0.005605359497391992,0.460331818181818,0.00556824860813371
ppo,0,0,Inventory,2,0.5,5,1,2,10,3,False,1.8014899999996306,0.01080672938497123,0.8642058949380024,0.002935120417440178,0.7676499999999996,0.005005040847415871
ppo,0,0,Inventory,2,0.5,5,1,2,10,5,False,1.7958399999996266,0.020880993750290962,0.8456412341142586,0.005434403909496389,0.7499272727272727,0.006382187246517002
ppo,0,0,Inventory,5,0.2,5,1,2,5,3,False,3.4087549999995046,0.01833135906036414,0.6087531479396394,0.004081165139873785,0.8615954545454549,0.011932704728969065
ppo,0,0,Inventory,5,0.2,5,1,2,5,5,False,3.411569999999501,0.020308658252084735,0.6075512382358558,0.004219308331755822,0.8787545454545457,0.01200243088326018
ppo,0,0,Inventory,5,0.2,5,1,2,10,3,False,5.020669999999212,0.03563146923718054,0.6834730552402402,0.004549256160205849,0.8807136363636359,0.012643687380606998
ppo,0,0,Inventory,5,0.2,5,1,2,10,5,False,5.029884999999224,0.03384420962292702,0.6821293498917869,0.003316775657932139,0.9086227272727274,0.011157383687218213
ppo,0,0,Inventory,5,0.5,5,1,2,5,3,False,2.732174999999461,0.009055778541905734,0.777151076550542,0.0032343552693629373,1.1023000000000045,0.01226690434252839
ppo,0,0,Inventory,5,0.5,5,1,2,5,5,False,2.722484999999472,0.015613808792218414,0.7874884692955074,0.002944191097598723,1.1504363636363655,0.008218131536449878
ppo,0,0,Inventory,5,0.5,5,1,2,10,3,False,3.3622299999992578,0.019670894743237445,0.9019872691235387,0.002939655157741904,1.7024818181818167,0.013995855348715128
ppo,0,0,Inventory,5,0.5,5,1,2,10,5,False,3.3747049999992287,0.021260061735559253,0.9000587420374304,0.002646207695977231,1.6352181818181806,0.013130996072317375
ppo,0,0,Inventory,10,0.2,5,1,2,5,3,False,5.646284999999041,0.03390820733981284,0.6854514398696598,0.003961138511711092,1.3597863636363645,0.016589029158745012
ppo,0,0,Inventory,10,0.2,5,1,2,5,5,False,5.637779999999055,0.027294525092028336,0.6880745693619298,0.002985187653311139,1.4686590909090922,0.011772538608526485
ppo,0,0,Inventory,10,0.2,5,1,2,10,3,False,8.320489999998149,0.073045468031894,0.7150213119485044,0.0039058584637664856,1.4354409090909095,0.014534215117813177
ppo,0,0,Inventory,10,0.2,5,1,2,10,5,False,8.309534999998107,0.0821595126871927,0.7225369173214861,0.0045913586003963345,1.5285545454545482,0.02831796147586798
ppo,0,0,Inventory,10,0.5,5,1,2,5,3,False,4.380439999999051,0.02584485248554672,0.8605825675094698,0.003492816860088299,1.896345454545455,0.015278600061350522
ppo,0,0,Inventory,10,0.5,5,1,2,5,5,False,4.402374999999055,0.0215754403199555,0.8561058519057196,0.003047296676302834,2.070268181818178,0.01263870890597638
ppo,0,0,Inventory,10,0.5,5,1,2,10,3,False,5.26878999999879,0.03416860986343629,0.9346173048765335,0.001675263986289824,2.833086363636356,0.010577175059130512
ppo,0,0,Inventory,10,0.5,5,1,2,10,5,False,5.307324999998803,0.0321589664790224,0.9308427704239884,0.0024141482181739395,2.849227272727276,0.02111586493767311
ppo,0,0,Inventory,30,0.2,5,1,2,5,3,False,34.13853000000038,0.06004337682050681,0.0037741535820467577,0.00032745353278013296,6.818181818181783e-05,5.838742081211401e-05
ppo,0,0,Inventory,30,0.2,5,1,2,5,5,False,28.689974999994604,0.051855333621575496,0.05552673413519819,0.0011010452151292418,0.007490909090909083,0.0012601324868034816
ppo,0,0,Inventory,30,0.2,5,1,2,10,3,False,61.33395499999237,0.07950350133803029,0.0037456778343560983,0.00018469450399960654,2.2727272727272685e-05,3.049183605681526e-05
ppo,0,0,Inventory,30,0.2,5,1,2,10,5,False,54.59109499999064,0.11251163373175876,0.05364658900569458,0.0012299364834410357,0.006859090909090902,0.0005337571490995533
ppo,0,0,Inventory,30,0.2,10,1,2,5,3,False,7.4738699999986675,0.042430314634700456,0.819562623161721,0.004751007785726918,2.9010000000000025,0.059311082821466035
ppo,0,0,Inventory,30,0.2,10,1,2,5,5,False,7.356949999998784,0.024676172717835072,0.7987291595955408,0.0032632673348631275,3.029772727272726,0.051609776285745375
ppo,0,0,Inventory,30,0.2,10,1,2,10,3,False,9.414654999998254,0.09192214491075598,0.8794697414660106,0.004686279253761123,3.981736363636358,0.0710241775851882
ppo,0,0,Inventory,30,0.2,10,1,2,10,5,False,9.231904999998271,0.07796343838620255,0.8889610322403065,0.0024965252194053397,4.421468181818168,0.029432736384415004
ppo,0,0,Inventory,30,0.5,5,1,2,5,3,False,34.01468000000036,0.04794555870990435,0.009177924185125664,0.0002420593435756131,0.000154545454545454,0.00012563886328259308
ppo,0,0,Inventory,30,0.5,5,1,2,5,5,False,26.46079499999491,0.09750822388392402,0.13694684857851563,0.003171285158270849,0.02210000000000001,0.0025480344069189684
ppo,0,0,Inventory,30,0.5,5,1,2,10,3,False,61.05491999999216,0.05232728351445938,0.009233876845501287,0.0002544581033310611,0.00010909090909090844,6.803013430498032e-05
ppo,0,0,Inventory,30,0.5,5,1,2,10,5,False,50.43086499999188,0.1823637478365867,0.13218587316271346,0.0024311425551988134,0.020927272727272732,0.0016192539859683562
ppo,0,0,Inventory,30,0.5,10,1,2,5,3,False,6.335604999998607,0.019417845529304176,0.8829915164158711,0.0034014114272862537,2.6703499999999907,0.030853640435114602
ppo,0,0,Inventory,30,0.5,10,1,2,5,5,False,6.087044999998796,0.042281068162945384,0.8728717862980252,0.002839660588688425,2.884899999999999,0.01886253885087838
ppo,0,0,Inventory,30,0.5,10,1,2,10,3,False,7.615429999998421,0.037298345807821265,0.9276661943723182,0.002130168448311133,3.541690909090909,0.03793419596011713
ppo,0,0,Inventory,30,0.5,10,1,2,10,5,False,7.340559999998473,0.05279168400419144,0.9249091191512802,0.0017354608956111895,3.5613727272727274,0.014675579873657025
bsp,1,0,Inventory,1,0.2,5,1,2,5,3,False,1.013884999999956,0.005429412951690992,0.5939816282634884,0.006347123252992281,0.27856363636363596,0.004137821920760532
bsp,1,0,Inventory,1,0.2,5,1,2,5,5,False,1.0097899999999551,0.006622114465935105,0.5971729522300544,0.005016988199014013,0.28104545454545443,0.0036563654446002975
bsp,1,0,Inventory,1,0.2,5,1,2,10,3,False,1.378219999999815,0.011083280200371665,0.5958939475434948,0.0065957828016049306,0.2787772727272725,0.004115805555647399
bsp,1,0,Inventory,1,0.2,5,1,2,10,5,False,1.381869999999814,0.013409738998201049,0.5940332893108138,0.007913411675153264,0.27926818181818297,0.0046250508149985395
bsp,0,0,Inventory,1,0.2,10,1,2,5,3,False,0.6666800000000238,0.0035202414689906735,0.0004769495786739908,2.148843812088139e-06,0.0,0.0
bsp,0,0,Inventory,1,0.2,10,1,2,5,5,False,0.6668900000000237,0.002290829544073671,0.00047728591397051546,1.4689389157180833e-06,0.0,0.0
bsp,1,0,Inventory,1,0.2,10,1,2,10,3,False,0.8358999999998998,0.007417041189043351,0.8519557444430065,0.007076995272570097,0.5046000000000002,0.0055539353927734035
bsp,1,0,Inventory,1,0.2,10,1,2,10,5,False,0.8321749999999033,0.0033721098736532134,0.8522998836447859,0.00903662008749785,0.49962727272727403,0.008863678321579251
bsp,1,0,Inventory,1,0.5,5,1,2,5,3,False,0.9543999999998917,0.004374585694668126,0.8942344309987572,0.005652462518050656,0.4931909090909091,0.004500541748840606
bsp,1,0,Inventory,1,0.5,5,1,2,5,5,False,0.9528949999998929,0.005643733250248729,0.894312651290825,0.0047781353292080655,0.49255000000000004,0.003540465604156425
bsp,1,0,Inventory,1,0.5,5,1,2,10,3,False,1.0495649999998578,0.008114094219314498,0.8946382326320658,0.004239379601454553,0.49285454545454577,0.004406315902737222
bsp,1,0,Inventory,1,0.5,5,1,2,10,5,False,1.048739999999857,0.008620551026467346,0.8939281421580066,0.00406715584946387,0.49337727272727266,0.00512823371071665
bsp,0,0,Inventory,1,0.5,10,1,2,5,3,False,0.6669950000000238,0.003753495037961542,0.00047704209154630917,2.3038260013308054e-06,0.0,0.0
bsp,0,0,Inventory,1,0.5,10,1,2,5,5,False,0.6654200000000237,0.0029566196914722104,0.00047813329177304187,1.8990021845633589e-06,0.0,0.0
bsp,1,0,Inventory,1,0.5,10,1,2,10,3,False,0.913759999999807,0.0038584841583161633,0.9915761822502347,0.0018151955204846646,0.7156772727272729,0.003304170292571848
bsp,1,0,Inventory,1,0.5,10,1,2,10,5,False,0.9143049999998067,0.0036744013117755675,0.9918355074687046,0.00241121159581616,0.7162363636363629,0.0039044263925119907
bsp,2,0,Inventory,2,0.2,5,1,2,5,3,False,1.8079199999997058,0.011953392823795428,0.6342911852774821,0.00823994448463192,0.48122727272727267,0.007353809379953657
bsp,2,0,Inventory,2,0.2,5,1,2,5,5,False,1.8058799999997077,0.009857464176955865,0.6342427693143806,0.005069607677344616,0.4791954545454544,0.007280026166967646
bsp,2,0,Inventory,2,0.2,5,1,2,10,3,False,2.467714999999778,0.02802175984838026,0.6352937196500272,0.006249464570674851,0.4818545454545452,0.005167516148063127
bsp,2,0,Inventory,2,0.2,5,1,2,10,5,False,2.459844999999772,0.025356453320602105,0.6366505221297739,0.004311197607057917,0.48215,0.007191651783276311
bsp,1,0,Inventory,2,0.2,10,1,2,5,3,False,1.1589649999998737,0.006003834191575543,0.520105774100777,0.005168972919204506,0.3202590909090904,0.003796804332658818
bsp,1,0,Inventory,2,0.2,10,1,2,5,5,False,1.1528849999998783,0.007211277626048428,0.5211240776875504,0.006984413970319171,0.3157818181818184,0.005202105422465894
bsp,2,0,Inventory,2,0.2,10,1,2,10,3,False,1.5181999999997005,0.009066752450572244,0.8966027575253376,0.0036563458630413117,0.9596863636363636,0.005844063527409338
bsp,2,0,Inventory,2,0.2,10,1,2,10,5,False,1.5178349999997007,0.009484963099556227,0.8949968901359286,0.005844937231092322,0.9540863636363636,0.009236928445508174
bsp,2,0,Inventory,2,0.5,5,1,2,5,3,False,1.7493199999996942,0.004754429513621063,0.9295120039453166,0.002592115512603549,0.9629545454545454,0.006101110859426098
bsp,2,0,Inventory,2,0.5,5,1,2,5,5,False,1.7531849999996978,0.006174910930527549,0.9295795942435312,0.002355454791769611,0.9628772727272727,0.006260397962160886
bsp,2,0,Inventory,2,0.5,5,1,2,10,3,False,1.8792999999996691,0.00872376065695719,0.9298767138743453,0.0029131103087977513,0.9640681818181818,0.00507616574568709
bsp,2,0,Inventory,2,0.5,5,1,2,10,5,False,1.8791499999996695,0.007628007603557739,0.9298560487140056,0.0024910229387372965,0.9627409090909091,0.004308412393837368
bsp,1,0,Inventory,2,0.5,10,1,2,5,3,False,1.1419299999997914,0.010770914538694209,0.7575581087702701,0.006198825810436027,0.5281272727272736,0.004125550301383956
bsp,1,0,Inventory,2,0.5,10,1,2,5,5,False,1.141959999999792,0.005489344223126379,0.7594056316363396,0.0046968319069476535,0.5293090909090903,0.004286284102221725
bsp,1,0,Inventory,2,0.5,10,1,2,10,3,False,1.3706649999996903,0.012685878960475933,0.7573015633899682,0.006584237289727307,0.5277999999999987,0.0026167925607087556
bsp,1,0,Inventory,2,0.5,10,1,2,10,5,False,1.3686449999996901,0.009889399627879079,0.7594204282525288,0.00412056588680182,0.5305772727272731,0.002718930422910196
bsp,5,0,Inventory,5,0.2,5,1,2,5,3,False,3.5976349999993587,0.017793075197946186,0.6952868672411562,0.004913139615116255,0.9440727272727273,0.016125325289819314
bsp,5,0,Inventory,5,0.2,5,1,2,5,5,False,3.597614999999368,0.0087415401960976,0.6926912731873374,0.0031121931141454137,0.9337318181818184,0.01452827749967064
bsp,5,0,Inventory,5,0.2,5,1,2,10,3,False,4.982219999999188,0.05245381873611498,0.6946165284052358,0.005392828155842262,0.9329636363636362,0.010674616527844225
bsp,5,0,Inventory,5,0.2,5,1,2,10,5,False,4.9917299999991895,0.05831599780507588,0.6932446867918853,0.006492096838028326,0.9392818181818182,0.018566574426921292
bsp,3,0,Inventory,5,0.2,10,1,2,5,3,False,2.331959999999559,0.009844409581072862,0.7059721049459711,0.007411687157907077,0.8416318181818176,0.01394299862812168
bsp,3,0,Inventory,5,0.2,10,1,2,5,5,False,2.3312099999995652,0.011593765566022585,0.7047887284765386,0.00466672789564486,0.8407500000000002,0.00806702936711625
bsp,4,0,Inventory,5,0.2,10,1,2,10,3,False,2.8675299999994217,0.012486696921119077,0.8675564951040975,0.002031806189054495,1.4468863636363654,0.011289435015764489
bsp,4,0,Inventory,5,0.2,10,1,2,10,5,False,2.878814999999409,0.017700706906788457,0.8671881018841283,0.006818501784025363,1.4596499999999997,0.023144408763777234
bsp,4,0,Inventory,5,0.5,5,1,2,5,3,False,3.1936399999992875,0.010055043510591407,0.8968860728123857,0.0029748948069031798,1.4525090909090916,0.008730652754559845
bsp,4,0,Inventory,5,0.5,5,1,2,5,5,False,3.19416999999929,0.01199110503664734,0.8965078210106927,0.001923373918654538,1.4603409090909107,0.006316293046658662
bsp,4,0,Inventory,5,0.5,5,1,2,10,3,False,3.6567599999991103,0.02311724248260517,0.8984436054448774,0.002263428685085057,1.4589681818181826,0.005185367604139394
bsp,4,0,Inventory,5,0.5,5,1,2,10,5,False,3.651919999999111,0.03279911736616208,0.8987054030600093,0.0034560110956839154,1.465140909090911,0.007564528192613819
bsp,2,0,Inventory,5,0.5,10,1,2,5,3,False,2.173929999999512,0.01331217863461603,0.7619127153337951,0.005039401423789865,0.805100000000001,0.006730766905820632
bsp,2,0,Inventory,5,0.5,10,1,2,5,5,False,2.1698949999995136,0.013204117728947392,0.763696986689956,0.004856921977596127,0.8038136363636352,0.005174494425736285
bsp,3,0,Inventory,5,0.5,10,1,2,10,3,False,2.6931549999992934,0.015566798803858835,0.9421894916368215,0.0022830482487914876,1.627904545454545,0.006871562250942602
bsp,3,0,Inventory,5,0.5,10,1,2,10,5,False,2.690234999999295,0.009840097814553677,0.9422860927568827,0.0025271217598953886,1.6245000000000007,0.004552176847354313
bsp,10,0,Inventory,10,0.2,5,1,2,5,5,False,5.7928799999989495,0.018635694245174975,0.7255851509498038,0.0023256312458159534,1.5668363636363636,0.018754109191594294
bsp,10,0,Inventory,10,0.2,5,1,2,5,3,False,5.753944999998963,0.036053851735971115,0.7243915020144958,0.00545987389517783,1.4667318181818179,0.02370602889108683
bsp,10,0,Inventory,10,0.2,5,1,2,10,5,False,8.312089999998094,0.05015492897014319,0.7242220781784268,0.003990742006684054,1.55834090909091,0.022327560055153583
bsp,10,0,Inventory,10,0.2,5,1,2,10,3,False,8.253079999998103,0.04344898848073104,0.7248338431572829,0.0029813228786128077,1.463322727272727,0.017597009160792446
bsp,6,0,Inventory,10,0.2,10,1,2,5,5,False,3.8126449999992396,0.017465443738993926,0.7635977364260041,0.004458672066740142,1.418463636363636,0.011831963991696386
bsp,6,0,Inventory,10,0.2,10,1,2,5,3,False,3.8019999999992486,0.01857530618859344,0.7618007050985396,0.00542599347633788,1.3920863636363663,0.01691314039975516
bsp,7,0,Inventory,10,0.2,10,1,2,10,5,False,4.656379999998942,0.020300839884109398,0.8523620565626148,0.0024098595316638305,1.9846500000000014,0.019907161072929665
bsp,7,0,Inventory,10,0.2,10,1,2,10,3,False,4.645044999998946,0.026124552149278547,0.8534804187588152,0.0033612167017846553,1.9689272727272726,0.027645334967303384
bsp,7,0,Inventory,10,0.5,5,1,2,5,5,False,4.845044999998976,0.013454914529633918,0.8765927221435197,0.0023090809314070377,1.9895500000000017,0.016831449926005826
bsp,7,0,Inventory,10,0.5,5,1,2,5,3,False,4.808189999998971,0.013871802334240981,0.8730962657303107,0.0018652335627068004,1.8665818181818188,0.0067204449380446965
bsp,8,0,Inventory,10,0.5,5,1,2,10,5,False,5.670939999998672,0.024855751849405316,0.9360887168584752,0.0015230781169202714,2.775636363636365,0.018237664233510434
bsp,8,0,Inventory,10,0.5,5,1,2,10,3,False,5.606689999998661,0.028865548669637565,0.9354892639494803,0.001322364314086093,2.647718181818183,0.014989359862609205
bsp,4,0,Inventory,10,0.5,10,1,2,5,3,False,3.4552049999992347,0.012935792399381692,0.842978063689982,0.0024134283068423905,1.427795454545456,0.0075818740460106854
bsp,4,0,Inventory,10,0.5,10,1,2,5,5,False,3.456189999999233,0.011084511716799549,0.8430037447120167,0.0036878523277922006,1.4413818181818194,0.010341047951115767
bsp,5,0,Inventory,10,0.5,10,1,2,10,3,False,4.117879999998845,0.012036137254115733,0.937625079118187,0.001475805697218894,2.2448727272727202,0.006505585648348317
bsp,5,0,Inventory,10,0.5,10,1,2,10,5,False,4.110494999998846,0.02777506480639652,0.9382161422296644,0.002037088628020522,2.2580772727272644,0.01459453438395454
bsp,0,0,Inventory,30,0.2,5,1,2,5,5,False,38.17516499999864,0.04796518555159618,8.336914277617957e-06,9.11959949577958e-09,0.0,0.0
bsp,0,0,Inventory,30,0.2,5,1,2,10,3,False,65.49491999998742,0.08394160827620736,8.330702578496219e-06,1.0890380996367378e-08,0.0,0.0
bsp,6,0,Inventory,30,0.2,5,1,2,5,3,False,34.05263500000034,0.02621064716863934,0.003917810103628327,0.0001461679276767185,0.00010454545454545435,6.757303976053839e-05
bsp,14,0,Inventory,30,0.2,5,1,2,10,5,False,54.39910999999067,0.11273935160372499,0.056222435643131084,0.0014356375706838134,0.007345454545454551,0.0007366441665412049
bsp,20,0,Inventory,30,0.2,10,1,2,5,3,False,7.474644999998679,0.04525272616097858,0.8282758443667255,0.004861539190935909,3.0177363636363577,0.06858003347720412
bsp,18,0,Inventory,30,0.2,10,1,2,5,5,False,7.789384999998726,0.03813037535872952,0.8220187007192804,0.0031898668808582296,3.339240909090909,0.04375569408046033
bsp,23,0,Inventory,30,0.2,10,1,2,10,3,False,9.25731999999829,0.07504831843549171,0.9132841804109016,0.0027155259180760127,4.790072727272718,0.040256821197059714
bsp,5,0,Inventory,30,0.5,5,1,2,5,3,False,33.927245000000426,0.05181670314676588,0.009465700437122826,0.0002411666726933239,0.00019545454545454515,0.00011861807591545378
bsp,21,0,Inventory,30,0.2,10,1,2,10,5,False,9.669394999998186,0.0538632084543573,0.9074562601807287,0.0031094117928988124,5.114913636363636,0.07198906439565705
bsp,6,0,Inventory,30,0.5,5,1,2,10,3,False,60.9377899999923,0.05358492231968225,0.009733601805785207,0.0002638873299964054,0.00014999999999999944,7.343406555183374e-05
bsp,0,0,Inventory,30,0.5,5,1,2,10,5,False,65.47181999998745,0.08776137874936511,8.332761111562448e-06,1.2249445954220635e-08,0.0,0.0
bsp,12,0,Inventory,30,0.5,5,1,2,5,5,False,26.561264999994904,0.0830783035755949,0.13494079309559065,0.0023188384050033804,0.01873636363636367,0.0014316089313186463
bsp,11,0,Inventory,30,0.5,10,1,2,5,5,False,6.616984999998526,0.029373338676423562,0.880553247192236,0.0015990605638346858,2.9969590909090877,0.01390284247647591
bsp,13,0,Inventory,30,0.5,10,1,2,5,3,False,6.46501499999862,0.031059024855901396,0.8851227183871015,0.0028894875293109757,2.8310045454545487,0.02809100801689286
bsp,13,0,Inventory,30,0.5,10,1,2,10,5,False,7.91917999999855,0.036490479580296595,0.9513262997963599,0.0011238458572719787,4.620540909090925,0.024022651586711918
bsp,14,0,Inventory,30,0.5,10,1,2,10,3,False,7.751664999998441,0.09058950284107581,0.9229134612044975,0.004175407248373073,3.56055909090909,0.045801259726801956
probsp,0,15,Inventory,1,0.2,5,1,2,5,3,False,1.0203100000000087,0.006332408704434784,0.4258503625655486,0.006960276948384708,0.1330363636363631,0.0031769313121286233
probsp,0,10,Inventory,1,0.2,5,1,2,5,5,False,1.0130550000000025,0.006551887132725923,0.4515042802724166,0.005422593602222132,0.1510499999999999,0.00393387754791459
probsp,1,100,Inventory,1,0.2,5,1,2,10,3,False,1.3796999999998156,0.011298384840319767,0.5956325397693403,0.004074651872826311,0.2810318181818179,0.004364064846386941
probsp,1,100,Inventory,1,0.2,5,1,2,10,5,False,1.3839499999998153,0.01596126561397353,0.593205905312466,0.005528007423781283,0.27762272727272647,0.005071108001574782
probsp,0,52.5,Inventory,1,0.2,10,1,2,5,3,False,0.5300650000000312,0.004111815292543661,0.5023380372697843,0.009522379782595245,0.10076363636363628,0.0025203961383509542
probsp,0,55,Inventory,1,0.2,10,1,2,5,5,False,0.5283700000000296,0.00392410499349776,0.4742222927635387,0.007469791396497951,0.08937272727272728,0.0020238046160553622
probsp,0,36.25,Inventory,1,0.2,10,1,2,10,3,False,0.7272899999999963,0.011423567743922551,0.6275445490753262,0.013381819912338208,0.18047727272727293,0.003911481826960431
probsp,0,31.25,Inventory,1,0.2,10,1,2,10,5,False,0.7201399999999923,0.00864626508962113,0.6706460832674507,0.00836250830861637,0.21563636363636368,0.003713778232518843
probsp,0,20,Inventory,1,0.5,5,1,2,5,3,False,0.8610749999999918,0.010322723720024362,0.6989705347855666,0.010347334639739164,0.22475,0.002900074806672663
probsp,0,20,Inventory,1,0.5,5,1,2,5,5,False,0.8611499999999916,0.006004748121278168,0.6990981437638375,0.006272078015765814,0.2254318181818183,0.00395461076226109
probsp,1,100,Inventory,1,0.5,5,1,2,10,3,False,1.0459299999998593,0.005193178217620383,0.895989781744373,0.0033651476813556904,0.4933727272727272,0.0032336556597169896
probsp,1,100,Inventory,1,0.5,5,1,2,10,5,False,1.045599999999864,0.006271403351718015,0.894999339836199,0.0026817320743507895,0.490018181818182,0.002898218318465307
probsp,0,62.5,Inventory,1,0.5,10,1,2,5,3,False,0.4529750000000317,0.006441321681146642,0.6875617436455468,0.006908604808864051,0.11354090909090905,0.0028526810645774013
probsp,0,60.0,Inventory,1,0.5,10,1,2,5,5,False,0.45209000000003446,0.0039578908524624135,0.7272717970137155,0.008019900814038486,0.13170454545454555,0.0028765401911107795
probsp,0,51.25,Inventory,1,0.5,10,1,2,10,3,False,0.5579800000000337,0.006610075642530061,0.8164462413467868,0.004777118688875771,0.1930818181818182,0.0015666725279768015
probsp,0,50.0,Inventory,1,0.5,10,1,2,10,5,False,0.5611400000000348,0.009965109131362115,0.8238187532372045,0.008706386855176955,0.2027409090909092,0.0030479670775428558
probsp,2,100,Inventory,2,0.2,5,1,2,5,3,False,1.8063449999997054,0.012658425060010895,0.6352566524549632,0.006885024477972759,0.48229545454545464,0.00549008309560934
probsp,2,100,Inventory,2,0.2,5,1,2,5,5,False,1.8085149999997063,0.009153962256856581,0.634286555482457,0.006315815673454181,0.48192272727272717,0.0057872062515816145
probsp,2,100,Inventory,2,0.2,5,1,2,10,3,False,2.477119999999781,0.01983766871384491,0.6332511748956895,0.005188610007759625,0.4792318181818184,0.008804357720813104
probsp,2,100,Inventory,2,0.2,5,1,2,10,5,False,2.48168999999978,0.01957591377178353,0.6329133180819845,0.005145604787460634,0.48264545454545454,0.006581209163184789
probsp,0,48.75,Inventory,2,0.2,10,1,2,5,5,False,1.0109849999999911,0.004979108856009335,0.5472785390166605,0.005520475910850367,0.21583181818181818,0.005006361655413144
probsp,0,43.75,Inventory,2,0.2,10,1,2,5,3,False,1.015174999999979,0.006133320878611737,0.5936139394470317,0.008847558845473294,0.26430454545454607,0.005881932343982225
probsp,0,30.0,Inventory,2,0.2,10,1,2,10,5,False,1.3499749999998363,0.00941892377079092,0.697361995023079,0.005878790048896813,0.4092181818181818,0.006225872437121221
probsp,0,23.75,Inventory,2,0.2,10,1,2,10,3,False,1.3401249999998275,0.007229358546924105,0.740412534819829,0.004403325189600597,0.48574999999999974,0.005353968559754408
probsp,0,18.75,Inventory,2,0.5,5,1,2,5,5,False,1.5663099999997625,0.011114085657394598,0.7400891208453565,0.0026896032370533327,0.4312818181818181,0.005306272601895058
probsp,0,16.25,Inventory,2,0.5,5,1,2,5,3,False,1.5653049999997597,0.010055333162055527,0.7567133343605967,0.004739182533075123,0.4618954545454546,0.005731097207918683
probsp,1,37.5,Inventory,2,0.5,5,1,2,10,5,False,1.8761549999997071,0.013691191511329569,0.8880954950114596,0.003427913182583328,0.7514909090909092,0.007025831911566572
probsp,1,37.5,Inventory,2,0.5,5,1,2,10,3,False,1.867644999999707,0.007779667409341715,0.8909827931389627,0.002523535538668564,0.754836363636362,0.004912675458982268
probsp,0,60,Inventory,2,0.5,10,1,2,5,3,False,0.8608549999999916,0.005234283618605088,0.7449052306627093,0.005446878186874916,0.25542272727272775,0.0034132731921569064
probsp,0,60.0,Inventory,2,0.5,10,1,2,5,5,False,0.858214999999994,0.006033243323453108,0.7442873765538501,0.005321949544516594,0.2518863636363644,0.0035662125428564716
probsp,0,50,Inventory,2,0.5,10,1,2,10,3,False,1.0527099999999348,0.006386462244463011,0.8462004892964554,0.004078166350030451,0.39542272727272754,0.003966025656010683
probsp,0,50,Inventory,2,0.5,10,1,2,10,5,False,1.0472999999999373,0.011637439580933107,0.8467406346743488,0.005488880410200154,0.39531818181818196,0.004098477846854108
probsp,5,100,Inventory,5,0.2,5,1,2,5,5,False,3.5988849999993526,0.019293820902045594,0.6937748501594858,0.004974275506914543,0.943940909090909,0.009710607006245882
probsp,5,100,Inventory,5,0.2,5,1,2,5,3,False,3.5971499999993655,0.018550552552420538,0.6924072380205906,0.004375344454796852,0.9229090909090913,0.015938764534179695
probsp,5,100,Inventory,5,0.2,5,1,2,10,3,False,4.982009999999193,0.03635963971219452,0.6938543894277515,0.00438993694380719,0.9245045454545455,0.009002374571960818
probsp,5,100,Inventory,5,0.2,5,1,2,10,5,False,4.986239999999188,0.041233280247880054,0.69510787701596,0.0058437454961403545,0.952781818181818,0.01331293411972114
probsp,1,60.0,Inventory,5,0.2,10,1,2,5,3,False,2.18374499999967,0.011991297886383978,0.6979600863788421,0.005669837299704167,0.6704636363636379,0.012286571316309032
probsp,1,62.5,Inventory,5,0.2,10,1,2,5,5,False,2.1858049999996743,0.011161573589781527,0.6732974593054585,0.0076681424845693276,0.6160181818181797,0.012670803297278287
probsp,1,42.5,Inventory,5,0.2,10,1,2,10,3,False,2.7224599999995336,0.022605395373665415,0.8308953947257993,0.005350923142307638,1.1059500000000002,0.015118901338588094
probsp,1,40,Inventory,5,0.2,10,1,2,10,5,False,2.726714999999527,0.021258222526820643,0.8436808156221556,0.00428893137024505,1.1788545454545487,0.016897843277709674
probsp,1,40.0,Inventory,5,0.5,5,1,2,5,3,False,3.068799999999338,0.014820492569404547,0.8326846419803597,0.002804245007304841,1.0034545454545463,0.006776905361667015
probsp,1,41.25,Inventory,5,0.5,5,1,2,5,5,False,3.061159999999348,0.015182997069095596,0.8254224699408395,0.003950200805777591,0.9709727272727273,0.011830015054865441
probsp,2,45.0,Inventory,5,0.5,5,1,2,10,3,False,3.6012649999991266,0.02593970942396033,0.9192532975538039,0.0031580246069203427,1.5155136363636346,0.012886264229214467
probsp,2,43.75,Inventory,5,0.5,5,1,2,10,5,False,3.5982049999991204,0.023729985777488465,0.9233369674406158,0.0027888794506282693,1.551481818181817,0.014332347970487437
probsp,0,61.25,Inventory,5,0.5,10,1,2,5,3,False,1.8838299999997443,0.009697066566750099,0.7699450734242242,0.004198055670360088,0.5429136363636337,0.006894735385281843
probsp,0,61.25,Inventory,5,0.5,10,1,2,5,5,False,1.8803549999997426,0.015725114466984356,0.7730857929481334,0.0049930210585030456,0.5491681818181822,0.004611656538929676
probsp,0,50.0,Inventory,5,0.5,10,1,2,10,3,False,2.2530299999996015,0.01298682409213615,0.8882053568651544,0.0025808640754368148,0.935709090909091,0.008299686342774183
probsp,0,50.0,Inventory,5,0.5,10,1,2,10,5,False,2.2520199999996047,0.010944729325109292,0.8895137345074039,0.003290024387495678,0.9355818181818181,0.00694300289904877
probsp,10,100,Inventory,10,0.2,5,1,2,5,3,False,5.7538399999989505,0.04435503804527961,0.7238426366552811,0.005280145630227121,1.462477272727273,0.026467875819815655
probsp,10,100,Inventory,10,0.2,5,1,2,5,5,False,5.780509999998951,0.0312242117594605,0.7280277418232557,0.003906855601851758,1.5749545454545473,0.016947829525335828
probsp,10,100,Inventory,10,0.2,5,1,2,10,3,False,8.241004999998102,0.04763881531903083,0.7251438745666615,0.0034461303332119658,1.458299999999999,0.01708385008960899
probsp,5,13.75,Inventory,10,0.2,5,1,2,10,5,False,8.277104999998109,0.046863613016912546,0.7260428908637241,0.0030048163804150562,1.5319409090909084,0.01808289052535667
probsp,2,56.25,Inventory,10,0.2,10,1,2,5,3,False,3.6349749999992973,0.013710128555193317,0.7747640220631918,0.003929742641967831,1.2871909090909117,0.014156559674517465
probsp,2,61.25,Inventory,10,0.2,10,1,2,5,5,False,3.636414999999338,0.015856828970503136,0.7289939757547838,0.004046621264995215,1.0771227272727282,0.013598022613904373
probsp,3,56.25,Inventory,10,0.2,10,1,2,10,3,False,4.465699999999032,0.02189316103260956,0.8622363876278636,0.00343247828920884,1.8649409090909086,0.026196358415147565
probsp,3,53.75,Inventory,10,0.2,10,1,2,10,5,False,4.48862999999902,0.017344958921827795,0.8778212054296988,0.0031772716659112916,2.042972727272727,0.02244412897885555
probsp,3,52.5,Inventory,10,0.5,5,1,2,5,3,False,4.733819999998981,0.018939155208190468,0.8691126489871317,0.0021611548867218984,1.7539681818181816,0.012158339823871682
probsp,3,55.0,Inventory,10,0.5,5,1,2,5,5,False,4.738944999998983,0.0231158760379124,0.8598376334402605,0.0033235951151318038,1.7252636363636369,0.015502902953962458
probsp,4,50.0,Inventory,10,0.5,5,1,2,10,3,False,5.542859999998673,0.01525940365807318,0.9405643414044442,0.0015439755874890875,2.655527272727271,0.022026938803608963
probsp,1,71.25,Inventory,10,0.5,10,1,2,5,3,False,3.130474999999343,0.012052141925815557,0.8318806105241838,0.002878976429546916,1.0494000000000008,0.009299311269266574
probsp,4,51.25,Inventory,10,0.5,5,1,2,10,5,False,5.589084999998672,0.029749975210062774,0.9378551967145661,0.0021025897149387837,2.6926318181818156,0.021412617447440645
probsp,1,71.25,Inventory,10,0.5,10,1,2,5,5,False,3.119614999999339,0.014378613458877025,0.8338132698958283,0.0030351189851258098,1.0579454545454534,0.01034605366534907
probsp,1,62.5,Inventory,10,0.5,10,1,2,10,3,False,3.6664749999991115,0.012911782409876359,0.9248253190000387,0.0018511630628801337,1.673013636363637,0.012444157080917607
probsp,0,50.0,Inventory,30,0.2,5,1,2,5,3,False,34.07357000000038,0.03891084167685867,0.003879515233497388,0.0002850631507874636,6.363636363636345e-05,6.803013430498068e-05
probsp,1,63.75,Inventory,10,0.5,10,1,2,10,5,False,3.656124999999134,0.016857539114586945,0.9148349246601608,0.0022138304341441355,1.5829499999999996,0.0139125285413261
probsp,0,43.75,Inventory,30,0.2,5,1,2,5,5,False,28.70482499999456,0.08881029290008026,0.05513582916085995,0.001919899187117157,0.006927272727272726,0.0009242374565191877
probsp,14,100,Inventory,30,0.2,5,1,2,10,5,False,54.448119999990844,0.1281783370933884,0.05512107220523712,0.0012450121172656095,0.007013636363636368,0.0007948829114877527
probsp,4,86.25,Inventory,30,0.2,5,1,2,10,3,False,61.217134999992325,0.06396846508252582,0.0038917842216558475,0.00021595091751219495,5.909090909090892e-05,6.115283657760764e-05
probsp,18,91.25,Inventory,30,0.2,10,1,2,5,3,False,7.486954999998707,0.03707932341616653,0.8416817744525428,0.0033381207085481936,3.2401545454545433,0.02958037237345278
probsp,20,90.0,Inventory,30,0.2,10,1,2,10,3,False,9.22431999999829,0.09820382426360212,0.9079791805999727,0.003474829981333479,4.619268181818189,0.041303304902478626
probsp,6,56.25,Inventory,30,0.2,10,1,2,5,5,False,7.553859999998738,0.03927337393196586,0.8252909007729011,0.0034272886870155427,3.148477272727272,0.035658720086141196
probsp,0,63.75,Inventory,30,0.5,5,1,2,5,3,False,33.93105000000041,0.03207180225682898,0.009560830093060857,0.0003108848294024977,7.727272727272689e-05,4.568125282327653e-05
probsp,0,47.5,Inventory,30,0.5,5,1,2,5,5,False,26.5041549999949,0.10303569878931657,0.1355226373630904,0.0023992553107677218,0.019545454545454564,0.0015446521981414092
probsp,17,85.0,Inventory,30,0.2,10,1,2,10,5,False,9.59490999999819,0.07227851963062466,0.9093004944469427,0.0020673780365710968,5.094309090909094,0.07817790635034677
probsp,5,95,Inventory,30,0.5,5,1,2,10,3,False,60.95761999999222,0.08206761297856777,0.009578691557696695,0.0002577297335246192,0.00017727272727272663,0.0001005152017613453
probsp,0,42.5,Inventory,30,0.5,5,1,2,10,5,False,49.985879999992136,0.15570461329067115,0.13759359898426177,0.0015977623556817618,0.019499999999999993,0.0016901513453676143
probsp,13,100,Inventory,30,0.5,10,1,2,5,3,False,6.449149999998605,0.03345895993601877,0.8853719852403211,0.003748542318113647,2.819240909090908,0.03761271792341941
probsp,12,90.0,Inventory,30,0.5,10,1,2,10,3,False,7.697404999998551,0.06554354449520924,0.9461926745656235,0.00328402754108143,4.164149999999989,0.05636370619497647
probsp,3,71.25,Inventory,30,0.5,10,1,2,5,5,False,6.2015449999986405,0.03186096710710019,0.8925788870783709,0.002623404431289738,2.755513636363635,0.022040730984113112
probsp,2,63.75,Inventory,30,0.5,10,1,2,10,5,False,7.362204999998456,0.053255344567474466,0.9336588182560523,0.0014300744807540203,3.5625818181818167,0.021466308408624114
dqn,0,0,Inventory,1,0.2,5,1,2,5,5,False,1.0116800000000037,0.009364806458223095,0.44704863445877663,0.008589741982197956,0.14768636363636367,0.005047397250887382
dqn,0,0,Inventory,1,0.2,5,1,2,5,3,False,1.014139999999954,0.006174617397051723,0.5909556313153852,0.005713583139357263,0.2780954545454543,0.004598843278926029
dqn,0,0,Inventory,1,0.2,5,1,2,10,3,False,1.3808299999998188,0.012428740885541138,0.594760870922314,0.0051243070624737135,0.27727272727272745,0.0033676879775366123
dqn,0,0,Inventory,1,0.2,5,1,2,10,5,False,1.3702799999998183,0.010862854136916738,0.5979938235283545,0.006649072471731591,0.28094090909090863,0.005118111173417631
dqn,0,0,Inventory,1,0.5,5,1,2,5,3,False,0.8863649999999563,0.005302973222636236,0.7938882103549542,0.004254715949538081,0.33668636363636356,0.003678643412370158
dqn,0,0,Inventory,1,0.5,5,1,2,5,5,False,0.8630699999999936,0.005024698995960503,0.692136585755484,0.0058950292885038376,0.21962727272727273,0.0035083607342065314
dqn,0,0,Inventory,1,0.5,5,1,2,10,3,False,1.0882999999999066,0.014669730740536699,0.7764136425497411,0.007163568940438205,0.3147954545454541,0.0037424441785755057
dqn,0,0,Inventory,1,0.5,5,1,2,10,5,False,1.0520299999998572,0.005958363869383232,0.8937295146235682,0.0029379845626458265,0.49289545454545447,0.0046587272585355225
dqn,0,0,Inventory,2,0.2,5,1,2,5,3,False,1.7310399999997632,0.009290312158371505,0.4086027903666693,0.0049398655448052615,0.2723363636363635,0.00314006369362107
dqn,0,0,Inventory,2,0.2,5,1,2,5,5,False,1.7163899999997345,0.011410210339862718,0.46622492648422165,0.003221769844559652,0.3644772727272723,0.0043216373733548225
dqn,0,0,Inventory,2,0.2,5,1,2,10,3,False,2.4690099999997677,0.021807530809336048,0.614864899915222,0.005766017807519147,0.47019545454545425,0.005609689447953251
dqn,0,0,Inventory,2,0.2,5,1,2,10,5,False,2.471679999999778,0.019233982946860836,0.6345452354504468,0.00535908226873196,0.4810409090909092,0.006848793402810349
dqn,0,0,Inventory,2,0.5,5,1,2,5,3,False,1.431304999999786,0.008371512706791226,0.7353468366593917,0.004997311828542333,0.51200909090909,0.0048045175022839535
dqn,0,0,Inventory,2,0.5,5,1,2,5,5,False,1.4580849999997478,0.007183489750807599,0.8001396005115714,0.005420248166967356,0.6502363636363636,0.0046983292265084286
dqn,0,0,Inventory,2,0.5,5,1,2,10,3,False,1.7950299999996333,0.010514994056106652,0.8555864455853079,0.003337358913894817,0.7660499999999997,0.005671862186369365
dqn,0,0,Inventory,2,0.5,5,1,2,10,5,False,1.7940499999996244,0.014738690579560235,0.8405071318066927,0.0035357422138141323,0.7396727272727267,0.0042280448952633064
dqn,0,0,Inventory,5,0.2,5,1,2,5,3,False,3.466039999999493,0.013022630302674738,0.607294885967663,0.004050835554299834,0.7733136363636353,0.010337855693062416
dqn,0,0,Inventory,5,0.2,5,1,2,5,5,False,3.4591149999994846,0.021351733536177083,0.6086431263206349,0.006178585452691866,0.8189500000000006,0.010802116604651172
dqn,0,0,Inventory,5,0.2,5,1,2,10,3,False,5.131369999999459,0.043744932277918036,0.6258555450202147,0.004671987514455049,0.8896590909090909,0.015757082232947115
dqn,0,0,Inventory,5,0.2,5,1,2,10,5,False,4.993694999999199,0.062487168482814597,0.6914811548298485,0.007018528051793613,0.9367590909090913,0.01532940039691442
dqn,0,0,Inventory,5,0.5,5,1,2,5,3,False,2.766159999999434,0.014897211148392799,0.8480880806145988,0.0033473573276090935,1.2814545454545452,0.00813567798024973
dqn,0,0,Inventory,5,0.5,5,1,2,5,5,False,2.8131849999994496,0.006432808484630628,0.8432031722303528,0.0014046944253019657,1.5431681818181788,0.008149482820888227
dqn,0,0,Inventory,5,0.5,5,1,2,10,3,False,3.3870599999992494,0.016349752291703566,0.874672073145684,0.0015612515888572575,1.416722727272728,0.006751138563298104
dqn,0,0,Inventory,5,0.5,5,1,2,10,5,False,3.4006299999992295,0.02379878358235173,0.9273202149824508,0.0024737558458141256,1.8920545454545454,0.007595991765996669
dqn,0,0,Inventory,10,0.2,5,1,2,5,3,False,5.770249999999065,0.03246759923369336,0.6266993599754984,0.00463482918609754,1.1507818181818152,0.02265792875655652
dqn,0,0,Inventory,10,0.2,5,1,2,5,5,False,5.840759999998947,0.03473035991750802,0.701012793232675,0.004212246800281001,1.4649590909090928,0.014954054288703935
dqn,0,0,Inventory,10,0.2,5,1,2,10,3,False,8.289599999998106,0.05760802027495142,0.7218467577122322,0.0023622799596541197,1.4433727272727275,0.015907153128740862
dqn,0,0,Inventory,10,0.2,5,1,2,10,5,False,8.27221999999814,0.06502594559095996,0.7219632630515449,0.0038986790557789903,1.5633318181818203,0.022899060304079906
dqn,0,0,Inventory,10,0.5,5,1,2,5,3,False,4.426564999999124,0.016035586206932167,0.8218086762752816,0.0023821361014246143,1.5953909090909086,0.010900587595050554
dqn,0,0,Inventory,10,0.5,5,1,2,5,5,False,4.879304999999116,0.01655236312434631,0.9268339179808717,0.0016017033422723878,3.297290909090909,0.025649409962124597
dqn,0,0,Inventory,10,0.5,5,1,2,10,3,False,5.265924999998807,0.025774505329864986,0.9502084583740127,0.0016316735854831343,3.023595454545453,0.006730602677074163
dqn,0,0,Inventory,10,0.5,5,1,2,10,5,False,5.4909899999988925,0.01774905349588157,0.9415633572673663,0.0013886205987823838,3.4437227272727275,0.017629818959051687
dqn,0,0,Inventory,30,0.2,5,1,2,5,3,False,34.46711000000025,0.04047919095042004,0.0036932053638952357,0.00015549712070626992,6.818181818181782e-05,5.081972676135863e-05
dqn,0,0,Inventory,30,0.2,5,1,2,5,5,False,31.808209999995835,0.04806618249878355,0.013883654101566601,0.00043516645875521216,0.00045454545454545346,0.00017721444263289028
dqn,0,0,Inventory,30,0.2,5,1,2,10,3,False,61.25563499999244,0.10043599964653482,0.0037696457434558293,0.0001444667373593707,4.545454545454532e-05,4.979295977319675e-05
dqn,0,0,Inventory,30,0.2,5,1,2,10,5,False,54.45211999999075,0.12929062069614963,0.055376169610765094,0.0013333963258308442,0.007331818181818189,0.0012670408683162096
dqn,0,0,Inventory,30,0.2,10,1,2,5,3,False,7.38098999999867,0.060411964046855095,0.8150428242164874,0.00489452126184126,2.8254000000000006,0.03937503928897247
dqn,0,0,Inventory,30,0.2,10,1,2,5,5,False,13.191704999997608,0.07251769939122049,0.9857924909243316,0.0011533219446957332,11.767345454545477,0.0793185548311123
dqn,0,0,Inventory,30,0.2,10,1,2,10,3,False,9.155044999998298,0.07712577211927807,0.9199904800826086,0.003369958827152071,4.90534545454545,0.04579803940369403
dqn,0,0,Inventory,30,0.2,10,1,2,10,5,False,12.962999999997342,0.07309256118104066,0.9892791072825577,0.0009673910804261577,11.203586363636346,0.0827865632937107
dqn,0,0,Inventory,30,0.5,5,1,2,5,3,False,33.93769000000038,0.04202528881516979,0.00952329657233184,0.0002594764669233405,0.00012727272727272658,0.00010123207932418178
dqn,0,0,Inventory,30,0.5,5,1,2,5,5,False,26.444369999994898,0.09660025155249083,0.1385295328507293,0.002487837871046716,0.02205000000000003,0.0020641018698033427
dqn,0,0,Inventory,30,0.5,5,1,2,10,3,False,60.96075999999219,0.06215936695307008,0.009480125576247223,0.0002523004742440169,0.00019090909090909016,0.00010123207932418175
dqn,0,0,Inventory,30,0.5,5,1,2,10,5,False,57.556379999992885,0.08400309875232688,0.03518020198244726,0.0005666105153113533,0.0015545454545454547,0.00044712118644937767
dqn,0,0,Inventory,30,0.5,10,1,2,5,3,False,6.293779999998629,0.02942196628373075,0.8602698311160939,0.003461517795697437,2.3345681818181827,0.04974374104073089
dqn,0,0,Inventory,30,0.5,10,1,2,5,5,False,21.385714999996864,0.052236352523871946,1.0,0.0,20.146204545454587,0.04466299080823936
dqn,0,0,Inventory,30,0.5,10,1,2,10,3,False,7.496694999998491,0.05549007321133165,0.9455049838851528,0.0025925472172219463,4.004190909090903,0.043463192369049816
dqn,0,0,Inventory,30,0.5,10,1,2,10,5,False,21.042149999997125,0.041970251369286025,1.0,0.0,19.595631818181808,0.041723462145273206
ppo_probsp,[0],[15.],Inventory-RS,1,0.2,5,1,2,5,3,True,1.0114494795691102,0.007134025470905449,0.5937077717557625,0.006562438888933487,0.2777636363636363,0.004935107826196906
ppo_probsp,[0],[10.],Inventory-RS,1,0.2,5,1,2,5,5,True,1.0154811144947957,0.010878748770226545,0.4806594385620599,0.007762468026396931,0.17747272727272706,0.0028852861267221392
ppo_probsp,['1'],['100'],Inventory-RS,1,0.2,5,1,2,10,3,True,1.3848734148447799,0.017683926022571225,0.5902721774964813,0.008925506640411267,0.27684545454545495,0.0037825283424128215
ppo_probsp,['1'],['100'],Inventory-RS,1,0.2,5,1,2,10,5,True,1.380796327439662,0.018209269064808818,0.5950555611970682,0.008497679730165958,0.28080454545454503,0.0059279437015655745
ppo_probsp,['0'],['52.5'],Inventory-RS,1,0.2,10,1,2,5,3,True,0.5311349484114358,0.005853328229948974,0.45853183423414706,0.012208727481640426,0.0815818181818182,0.0029857651261326773
ppo_probsp,['0'],['55'],Inventory-RS,1,0.2,10,1,2,5,5,True,0.5296350165901551,0.005419310006495962,0.47160516254543616,0.013006843949058843,0.08832272727272739,0.0030926098262132385
ppo_probsp,['0'],['36.25'],Inventory-RS,1,0.2,10,1,2,10,3,True,0.7229125948820508,0.012025540730756821,0.6400083398534795,0.012752144925987842,0.19014545454545456,0.004666515149055027
ppo_probsp,['0'],['31.25'],Inventory-RS,1,0.2,10,1,2,10,5,True,0.7218353711194945,0.009921797363121994,0.6770663739939002,0.009284370554150712,0.22259545454545457,0.003309855680856623
ppo_probsp,['0'],['20'],Inventory-RS,1,0.5,5,1,2,5,3,True,0.8642198081905368,0.007301118513328814,0.6951988995868958,0.007438356737490308,0.2237409090909091,0.005321873233246349
ppo_probsp,['0'],['20'],Inventory-RS,1,0.5,5,1,2,5,5,True,0.8640470887686924,0.0034806302677019905,0.6586497049765694,0.004906928423481351,0.1910863636363636,0.004213538294435788
ppo_probsp,['1'],['100'],Inventory-RS,1,0.5,5,1,2,10,3,True,1.0447661469933185,0.007115380600734734,0.8963516032087128,0.0041705005622444365,0.4942136363636366,0.00309852337532572
ppo_probsp,['1'],['100'],Inventory-RS,1,0.5,5,1,2,10,5,True,1.049729557747375,0.006384203226463509,0.8935442504166033,0.003496403324916275,0.49276818181818244,0.00508056782471107
ppo_probsp,['0'],['62.5'],Inventory-RS,1,0.5,10,1,2,5,3,True,0.4502704422526248,0.00498985425901758,0.70414095849475,0.008354380192173383,0.12013636363636367,0.0023811414722237478
ppo_probsp,['0'],['60.0'],Inventory-RS,1,0.5,10,1,2,5,5,True,0.4533248488705059,0.003818397845156968,0.7013386490918656,0.0071880048922961185,0.12070909090909096,0.002707366748474206
ppo_probsp,['0'],['51.25'],Inventory-RS,1,0.5,10,1,2,10,3,True,0.5606472433071225,0.00991105462460535,0.8212971292710243,0.010691784798596926,0.20064545454545465,0.004556386853311169
ppo_probsp,['0'],['50.0'],Inventory-RS,1,0.5,10,1,2,10,5,True,0.5602154447525113,0.007003666644727097,0.8294308272559958,0.009289254445022259,0.20647727272727284,0.0034468964361179036
ppo_probsp,['2'],['100'],Inventory-RS,2,0.2,5,1,2,5,3,True,1.7056588336893774,0.013253194792509986,0.49803137071560055,0.005859274643222046,0.38316818181818124,0.005835947662888326
ppo_probsp,['2'],['100'],Inventory-RS,2,0.2,5,1,2,5,5,True,1.6985955183855281,0.007818191130798235,0.5142215602229385,0.005639875929688421,0.3969227272727277,0.005791916923859553
ppo_probsp,['2'],['100'],Inventory-RS,2,0.2,5,1,2,10,3,True,2.474169355938366,0.013087090972787055,0.6308915606471657,0.0026733623081972636,0.4716,0.008052277538294288
ppo_probsp,['2'],['100'],Inventory-RS,2,0.2,5,1,2,10,5,True,2.471846734239353,0.024075251611663517,0.6350733085883997,0.0074222128824666615,0.48258636363636365,0.008961452112628818
ppo_probsp,['0'],['43.75'],Inventory-RS,2,0.2,10,1,2,5,3,True,0.942993500295441,0.005170758443931428,0.5216727514496556,0.007011152241933428,0.27505909090909053,0.006289899091282233
ppo_probsp,['0'],['48.75'],Inventory-RS,2,0.2,10,1,2,5,5,True,0.9388209626835143,0.007448356481853688,0.5503694380632367,0.007190063792201438,0.2942727272727268,0.004907238707821877
ppo_probsp,['0'],['23.75'],Inventory-RS,2,0.2,10,1,2,10,3,True,1.2982455342938957,0.00769340246083339,0.6805897943141377,0.006195914923041133,0.4494681818181815,0.005726372584385885
ppo_probsp,['0'],['30.0'],Inventory-RS,2,0.2,10,1,2,10,5,True,1.3149947729648654,0.012745458774955552,0.686182540205743,0.01068422415593607,0.46239090909090896,0.0088268514083517
ppo_probsp,['0'],['16.25'],Inventory-RS,2,0.5,5,1,2,5,3,True,1.4255670196809236,0.011852390069749898,0.7110372780629926,0.006674444247752736,0.4858227272727273,0.006363618506468546
ppo_probsp,['0'],['18.75'],Inventory-RS,2,0.5,5,1,2,5,5,True,1.4242307167856008,0.006802529591440987,0.72510867371978,0.0036209106409222543,0.4985863636363632,0.005042769555848026
ppo_probsp,['1'],['37.5'],Inventory-RS,2,0.5,5,1,2,10,3,True,1.7983318940048179,0.02073868134401777,0.8320509700921581,0.005530968070575098,0.7297954545454548,0.006968057284066509
ppo_probsp,['1'],['37.5'],Inventory-RS,2,0.5,5,1,2,10,5,True,1.804886141539021,0.023838177157338547,0.8373422662356402,0.006963081108995215,0.73415,0.005680292522438527
ppo_probsp,['0'],['60'],Inventory-RS,2,0.5,10,1,2,5,3,True,0.8475114767510569,0.0068137026477531875,0.6743396964090559,0.007020245120414226,0.3190272727272719,0.0035885607971771266
ppo_probsp,['0'],['60.0'],Inventory-RS,2,0.5,10,1,2,5,5,True,0.8138902777146493,0.005647868836256978,0.7021628224365735,0.004773519762170903,0.2782136363636364,0.0052318971639251245
ppo_probsp,['0'],['50'],Inventory-RS,2,0.5,10,1,2,10,3,True,1.0515022044452524,0.012919149893193945,0.8587074249486474,0.007029831604460667,0.5612590909090908,0.004875518620433224
ppo_probsp,['0'],['50'],Inventory-RS,2,0.5,10,1,2,10,5,True,1.0546202445343393,0.004900487689864998,0.8257954901201637,0.0034535812332680206,0.5061863636363624,0.004184359405734353
ppo_probsp,['5'],['100'],Inventory-RS,5,0.2,5,1,2,5,3,True,3.415508385982455,0.02110027465474749,0.6070638076451905,0.004916683491133278,0.8492863636363637,0.011660079702887126
ppo_probsp,['5'],['100'],Inventory-RS,5,0.2,5,1,2,5,5,True,3.4046179719103677,0.013678704501238995,0.6067311767643082,0.0033832166943577324,0.8653454545454545,0.011041342294731455
ppo_probsp,['5'],['100'],Inventory-RS,5,0.2,5,1,2,10,3,True,4.99321394482069,0.03813111984007095,0.6879803762066437,0.004815539111947723,0.910422727272727,0.0162155298738868
ppo_probsp,['5'],['100'],Inventory-RS,5,0.2,5,1,2,10,5,True,5.003958910958593,0.04968182822575923,0.6929182084818395,0.0070637773330242005,0.9120318181818183,0.018524030071306152
ppo_probsp,['1'],['60.0'],Inventory-RS,5,0.2,10,1,2,5,3,True,2.0094722967137857,0.006572818286718602,0.5770870621032117,0.004150134895941549,0.6076636363636381,0.006581033353509977
ppo_probsp,['1'],['62.5'],Inventory-RS,5,0.2,10,1,2,5,5,True,2.012613063042589,0.009897422206708889,0.6245052666604464,0.0047633937178720226,0.7194409090909096,0.01117087509612598
ppo_probsp,['1'],['42.5'],Inventory-RS,5,0.2,10,1,2,10,3,True,2.620176355620199,0.021777091178298187,0.7966052493197906,0.005783653880770395,1.1713227272727251,0.01300585453040746
ppo_probsp,['1'],['40'],Inventory-RS,5,0.2,10,1,2,10,5,True,2.6114540248170535,0.019540085930769883,0.8046491356175594,0.004936645196357478,1.1529545454545465,0.010536614633450986
ppo_probsp,['1'],['40.0'],Inventory-RS,5,0.5,5,1,2,5,3,True,2.7176582882596243,0.01482040525888733,0.8011440070664484,0.0030535520764494056,1.184800000000001,0.00923195582011007
ppo_probsp,['1'],['41.25'],Inventory-RS,5,0.5,5,1,2,5,5,True,2.713653924821599,0.009781442217069667,0.8005188660445921,0.002767992925676335,1.1887818181818186,0.009228253418550488
ppo_probsp,['2'],['45.0'],Inventory-RS,5,0.5,5,1,2,10,3,True,3.370096813781192,0.030482963802698656,0.8893280391300525,0.0033535779694773044,1.6386318181818182,0.007844418187107126
ppo_probsp,['2'],['43.75'],Inventory-RS,5,0.5,5,1,2,10,5,True,3.38408254170265,0.019686316269874653,0.8886064454902115,0.002932716474729981,1.6788818181818184,0.011538584212107203
ppo_probsp,['0'],['61.25'],Inventory-RS,5,0.5,10,1,2,5,3,True,1.7240307258760965,0.010793393487502296,0.7658035022899534,0.007472478351840742,0.7283863636363622,0.008266737341962453
ppo_probsp,['0'],['61.25'],Inventory-RS,5,0.5,10,1,2,5,5,True,1.7187264215262943,0.009986418653771156,0.7627670707172236,0.0054126366015041635,0.7427818181818179,0.008678052491273998
ppo_probsp,['0'],['50.0'],Inventory-RS,5,0.5,10,1,2,10,3,True,2.107954183900732,0.012298259214049808,0.8789406341987895,0.002635700178181153,1.0751954545454532,0.006393858429760034
ppo_probsp,['0'],['50.0'],Inventory-RS,5,0.5,10,1,2,10,5,True,2.12947593291214,0.012747620889409348,0.8600368869462194,0.003199011309379759,1.0117818181818186,0.010834037273166694
ppo_probsp,['10'],['100'],Inventory-RS,10,0.2,5,1,2,5,3,True,5.6051179491841285,0.02502104952865627,0.6880347483764273,0.00439353805953514,1.3762681818181808,0.017369162019401196
ppo_probsp,['10'],['100'],Inventory-RS,10,0.2,5,1,2,5,5,True,5.638370983137131,0.03298774749018521,0.680818686460414,0.0054157360475795766,1.3587227272727262,0.02255180858042181
ppo_probsp,['10'],['100'],Inventory-RS,10,0.2,5,1,2,10,3,True,8.285341575382938,0.06001453129240791,0.7150779374042875,0.003947303980171745,1.41672727272727,0.01655627767882986
ppo_probsp,['5'],['13.75'],Inventory-RS,10,0.2,5,1,2,10,5,True,8.301809008681424,0.0448837213918251,0.7218112368280004,0.0021314236215499746,1.4614136363636354,0.014647235516113188
ppo_probsp,['2'],['56.25'],Inventory-RS,10,0.2,10,1,2,5,3,True,3.36287896004727,0.020125956022376938,0.7136240940796705,0.005019576809478605,1.3564681818181812,0.014737286859082351
ppo_probsp,['2'],['61.25'],Inventory-RS,10,0.2,10,1,2,5,5,True,3.362456251988546,0.016285645580527884,0.6934126017725462,0.004348971095434743,1.2772318181818147,0.013386551935699594
ppo_probsp,['3'],['56.25'],Inventory-RS,10,0.2,10,1,2,10,3,True,4.1546656970137725,0.03273277150200619,0.8662331005397075,0.0038005021364464525,1.9872454545454545,0.012493935719061364
ppo_probsp,['3'],['53.75'],Inventory-RS,10,0.2,10,1,2,10,5,True,4.162401709013227,0.027951841028840095,0.8631339115144883,0.004052879856247792,1.9046363636363632,0.014965304226059744
ppo_probsp,['3'],['52.5'],Inventory-RS,10,0.5,5,1,2,5,3,True,4.385032498522794,0.01714934095729758,0.8712171685792771,0.0015695018475843465,1.99802727272727,0.01514789623447985
ppo_probsp,['3'],['55.0'],Inventory-RS,10,0.5,5,1,2,5,5,True,4.392473069405936,0.017639272801023304,0.8520262016882636,0.0015085848607807055,2.091790909090907,0.011595564127627774
ppo_probsp,['4'],['50.0'],Inventory-RS,10,0.5,5,1,2,10,3,True,5.237925548838689,0.030415821163733696,0.9418797281308118,0.0019753913074937847,2.939527272727267,0.022956851369326705
ppo_probsp,['4'],['51.25'],Inventory-RS,10,0.5,5,1,2,10,5,True,5.27310576791964,0.023573648787334887,0.944420261315525,0.0017106397322921687,3.042099999999999,0.013169207133647621
ppo_probsp,['1'],['71.25'],Inventory-RS,10,0.5,10,1,2,5,3,True,2.80105449752284,0.011819095546447372,0.7917013038878112,0.0037805067953180452,1.1661363636363624,0.008467414448225533
ppo_probsp,['1'],['71.25'],Inventory-RS,10,0.5,10,1,2,5,5,True,2.8012453979364578,0.012165053623499388,0.7854209044738859,0.003676921102957147,1.1952045454545452,0.01253496349884546
ppo_probsp,['1'],['62.5'],Inventory-RS,10,0.5,10,1,2,10,3,True,3.424467069678651,0.018546116046889032,0.9011129063551824,0.0025846801799315378,1.6139045454545458,0.009059022487539427
ppo_probsp,['1'],['63.75'],Inventory-RS,10,0.5,10,1,2,10,5,True,3.473183037134676,0.018248706338986082,0.8935831518529449,0.0018149033601811597,1.6235954545454532,0.009745044301065233
ppo_probsp,['0'],['50.0'],Inventory-RS,30,0.2,5,1,2,5,3,True,34.07930548611427,0.0444345717131996,0.0037997550126671054,0.00018239392967814397,0.0001227272727272722,9.326492967583247e-05
ppo_probsp,['0'],['43.75'],Inventory-RS,30,0.2,5,1,2,5,5,True,28.662369892277628,0.07134923658299717,0.05560446492631802,0.0016596765762681492,0.0076636363636363655,0.0008272727272727119
ppo_probsp,['4'],['86.25'],Inventory-RS,30,0.2,5,1,2,10,3,True,61.22788055088405,0.0497489802054953,0.0038176112959421803,0.00020224689303490492,9.090909090909044e-05,9.090909090909027e-05
ppo_probsp,['14'],['100'],Inventory-RS,30,0.2,5,1,2,10,5,True,54.39310031362211,0.12945998766132033,0.05604097366201023,0.001209966252588609,0.007081818181818164,0.0009174164226576386
ppo_probsp,['18'],['91.25'],Inventory-RS,30,0.2,10,1,2,5,3,True,7.380969046861506,0.033810535247324705,0.8619521823458293,0.002984081509625551,3.505468181818183,0.04131299122311936
ppo_probsp,['6'],['56.25'],Inventory-RS,30,0.2,10,1,2,5,5,True,7.251624926139721,0.02097603117714251,0.7895098917682889,0.002212375846870628,2.5070363636363697,0.024774018314977966
ppo_probsp,['20'],['90.0'],Inventory-RS,30,0.2,10,1,2,10,3,True,9.235812008545064,0.09119914320587372,0.8822854205517304,0.0033396616946996575,3.9641045454545463,0.03477101035571344
ppo_probsp,['17'],['85.0'],Inventory-RS,30,0.2,10,1,2,10,5,True,9.145929730466797,0.055249418063329,0.9443495295419944,0.0030225365942131233,6.028745454545444,0.0627739523282554
ppo_probsp,['0'],['63.75'],Inventory-RS,30,0.5,5,1,2,5,3,True,33.9154083905277,0.027494027476755906,0.009720413575471598,0.0003499007473483853,0.0002272727272727263,0.00016006197146962666
ppo_probsp,['0'],['47.5'],Inventory-RS,30,0.5,5,1,2,5,5,True,26.471846734239353,0.11499240411174061,0.13706550357677477,0.003653423028467018,0.021118181818181803,0.0020639767440549794
ppo_probsp,['5'],['95'],Inventory-RS,30,0.5,5,1,2,10,3,True,60.92086723330757,0.07879331715342103,0.009800198426739936,0.0003047747519482312,0.0001636363636363633,0.00010204520145747107
ppo_probsp,['0'],['42.5'],Inventory-RS,30,0.5,5,1,2,10,5,True,49.984927957820105,0.17966041418457815,0.137227461406157,0.0023908165630581934,0.02035454545454546,0.0022884727304506524
ppo_probsp,['13'],['100'],Inventory-RS,30,0.5,10,1,2,5,3,True,6.308935957456479,0.029670809367844185,0.8524574794009228,0.0029059099310397934,2.2937272727272675,0.026495555529369486
ppo_probsp,['3'],['71.25'],Inventory-RS,30,0.5,10,1,2,5,5,True,5.91720830871324,0.027800545617613623,0.8691886073646404,0.002793601378777554,2.6937954545454508,0.024569014366512355
ppo_probsp,['12'],['90.0'],Inventory-RS,30,0.5,10,1,2,10,3,True,7.434798418253716,0.03332069775500712,0.9475499790643209,0.0013341301579389273,3.939127272727274,0.038138117848917505
ppo_probsp,['2'],['63.75'],Inventory-RS,30,0.5,10,1,2,10,5,True,7.176396527430571,0.023500342433744686,0.9336931771222268,0.0008946452944361957,3.937222727272727,0.010584282944749822
ppo_bsp,['1'],['0'],Inventory-RS,1,0.2,5,1,2,5,3,True,1.0126721512658516,0.0062790852456089405,0.591150351486758,0.0066937374629699375,0.2792272727272726,0.004704710142045408
ppo_bsp,['1'],['0'],Inventory-RS,1,0.2,5,1,2,5,5,True,1.0123448934139359,0.009260404767986247,0.48258610219925446,0.009764318779280096,0.1800045454545458,0.004531271052957938
ppo_bsp,['1'],['0'],Inventory-RS,1,0.2,5,1,2,10,3,True,1.3825644288895957,0.008630821465508032,0.592426935972605,0.005755303935246071,0.2797909090909084,0.003966450210544439
ppo_bsp,['1'],['0'],Inventory-RS,1,0.2,5,1,2,10,5,True,1.3767919640016362,0.01318464790072537,0.594452743115293,0.007663836779711332,0.2771636363636358,0.004425377604469624
ppo_bsp,['0'],['0'],Inventory-RS,1,0.2,10,1,2,5,3,True,0.5296759238216444,0.0027865891680750525,0.48899993796608127,0.009057119174735928,0.09648636363636366,0.0029190914753262466
ppo_bsp,['0'],['0'],Inventory-RS,1,0.2,10,1,2,5,5,True,0.532589427753284,0.004167090156058214,0.5149136698332614,0.006729661043696744,0.10887727272727274,0.003084957505366663
ppo_bsp,['1'],['0'],Inventory-RS,1,0.2,10,1,2,10,3,True,0.7232762147175127,0.008410988380680435,0.6485377913727531,0.008586468868200765,0.19880909090909082,0.0026219669608523936
ppo_bsp,['1'],['0'],Inventory-RS,1,0.2,10,1,2,10,5,True,0.7227080587246035,0.005141037101939009,0.65011686066408,0.0070509969880232165,0.20023181818181857,0.005583159818034756
ppo_bsp,['1'],['0'],Inventory-RS,1,0.5,5,1,2,5,3,True,0.8661788100540886,0.008776255876038211,0.676822600021854,0.008722620259173449,0.2068727272727271,0.0038217948273658164
ppo_bsp,['1'],['0'],Inventory-RS,1,0.5,5,1,2,5,5,True,0.8613472114903867,0.006747580931867773,0.7112507589606588,0.00527249405074039,0.2354136363636364,0.003300291121644122
ppo_bsp,['1'],['0'],Inventory-RS,1,0.5,5,1,2,10,3,True,1.0474887505113404,0.00847000094255324,0.8945901672409005,0.003525436337811091,0.4924545454545456,0.0025659080843868686
ppo_bsp,['1'],['0'],Inventory-RS,1,0.5,5,1,2,10,5,True,1.047747829644107,0.010504229272318201,0.8938244613417773,0.006741237063837798,0.49093181818181825,0.005093515972162887
ppo_bsp,['0'],['0'],Inventory-RS,1,0.5,10,1,2,5,3,True,0.4532748511431299,0.0032828051303687746,0.6905353437609318,0.005778186488904499,0.11468636363636367,0.002140465115130527
ppo_bsp,['0'],['0'],Inventory-RS,1,0.5,10,1,2,5,5,True,0.4496341075405663,0.003767470449666193,0.6844573227828488,0.00857610664784335,0.10897272727272733,0.0017858720119244714
ppo_bsp,['1'],['0'],Inventory-RS,1,0.5,10,1,2,10,3,True,0.5654924776146538,0.008705003041947518,0.8162038332648702,0.010298747007561442,0.19873636363636388,0.004394154644675353
ppo_bsp,['1'],['0'],Inventory-RS,1,0.5,10,1,2,10,5,True,0.5599336393800283,0.005792595298850591,0.8329725057268892,0.007335143865041104,0.21024090909090914,0.004032105145060946
ppo_bsp,['2'],['0'],Inventory-RS,2,0.2,5,1,2,5,3,True,1.7042952593063951,0.012423914579599484,0.4780256043499933,0.007188460294384309,0.3671727272727274,0.005309231006868898
ppo_bsp,['2'],['0'],Inventory-RS,2,0.2,5,1,2,5,5,True,1.7041361756283806,0.00704806758567281,0.4995242480465237,0.0030043853633405487,0.38662272727272806,0.0044079684606874985
ppo_bsp,['2'],['0'],Inventory-RS,2,0.2,5,1,2,10,3,True,2.4746784237080135,0.02323152836340514,0.6320276447657986,0.006117770308283992,0.4786727272727271,0.0071168755332219205
ppo_bsp,['2'],['0'],Inventory-RS,2,0.2,5,1,2,10,5,True,2.4658288259624563,0.015707249088130905,0.6366581338868569,0.004662761426937011,0.48533181818181814,0.006478988608450478
ppo_bsp,['1'],['0'],Inventory-RS,2,0.2,10,1,2,5,3,True,0.9415299304577065,0.005612275151982944,0.5231073473797199,0.010683793861854932,0.27084999999999965,0.007230503851766967
ppo_bsp,['1'],['0'],Inventory-RS,2,0.2,10,1,2,5,5,True,0.937361938093723,0.005500743490293719,0.5097235327007494,0.005480811264463221,0.25364090909090964,0.004015489122456036
ppo_bsp,['2'],['0'],Inventory-RS,2,0.2,10,1,2,10,3,True,1.310517703740739,0.014475470136393182,0.7754327042330396,0.006795221921192859,0.5771499999999996,0.0046379253163103444
ppo_bsp,['2'],['0'],Inventory-RS,2,0.2,10,1,2,10,5,True,1.3080041816281078,0.017880859830916196,0.6901342856153474,0.008446454989218278,0.47475454545454543,0.006552243953520523
ppo_bsp,['2'],['0'],Inventory-RS,2,0.5,5,1,2,5,3,True,1.4246534248443254,0.008815995530767692,0.7379288047584194,0.005222966492956741,0.516754545454544,0.0055210790656885726
ppo_bsp,['2'],['0'],Inventory-RS,2,0.5,5,1,2,5,5,True,1.427703286214263,0.007934978469947698,0.7202747200449064,0.0056057900746867735,0.5018818181818183,0.002956377054650216
ppo_bsp,['2'],['0'],Inventory-RS,2,0.5,5,1,2,10,3,True,1.807654197536476,0.015469793942758549,0.8351947807556206,0.003940174055294228,0.6906,0.005537132354454104
ppo_bsp,['2'],['0'],Inventory-RS,2,0.5,5,1,2,10,5,True,1.8018271896731963,0.011989292326605417,0.8583671438815887,0.002721823513525388,0.7905272727272735,0.007150426213962485
ppo_bsp,['1'],['0'],Inventory-RS,2,0.5,10,1,2,5,3,True,0.8507749647743286,0.006610092372883093,0.7007152966778262,0.004999798414520365,0.35076363636363606,0.005469630655184551
ppo_bsp,['1'],['0'],Inventory-RS,2,0.5,10,1,2,5,5,True,0.8551247670560429,0.007567618067131779,0.7400065789172465,0.006121762921018614,0.38601818181818165,0.0025295934406953835
ppo_bsp,['1'],['0'],Inventory-RS,2,0.5,10,1,2,10,3,True,1.0474569337757373,0.010899187078349888,0.8357634571123735,0.007042386997745995,0.5177136363636364,0.006614629728585521
ppo_bsp,['1'],['0'],Inventory-RS,2,0.5,10,1,2,10,5,True,1.0467978728239626,0.008902334271412989,0.8248849195545628,0.005670130935519547,0.4957272727272729,0.006700129516449013
ppo_bsp,['5'],['0'],Inventory-RS,5,0.2,5,1,2,5,3,True,3.4171355847461484,0.016992228129604436,0.6007915248577312,0.005230017976506045,0.8442000000000002,0.014425473909742156
ppo_bsp,['5'],['0'],Inventory-RS,5,0.2,5,1,2,5,5,True,3.428344166174264,0.01811052888006204,0.6089340988803995,0.005476516432024242,0.854859090909091,0.011097603233160787
ppo_bsp,['5'],['0'],Inventory-RS,5,0.2,5,1,2,10,3,True,4.992832143993455,0.031512955294932046,0.6936709181962121,0.004017285201545724,0.9261136363636364,0.011553294582173433
ppo_bsp,['5'],['0'],Inventory-RS,5,0.2,5,1,2,10,5,True,5.000863597109222,0.04277179265271308,0.691970438501335,0.005150385891668213,0.9342727272727271,0.014513658428932753
ppo_bsp,['3'],['0'],Inventory-RS,5,0.2,10,1,2,5,3,True,2.0136948320530883,0.011866980854668446,0.5851241647583695,0.004148556078905303,0.652004545454545,0.007176535744302514
ppo_bsp,['3'],['0'],Inventory-RS,5,0.2,10,1,2,5,5,True,2.019062769874097,0.010419889459366912,0.647241836048328,0.008388885636460982,0.8047954545454552,0.014634870759551359
ppo_bsp,['4'],['0'],Inventory-RS,5,0.2,10,1,2,10,3,True,2.6162038089177764,0.012832007757650558,0.8263314463010385,0.004958437136013204,1.2409954545454558,0.014458925151230118
ppo_bsp,['4'],['0'],Inventory-RS,5,0.2,10,1,2,10,5,True,2.605136130175901,0.012394436941547052,0.813203741231922,0.0042177825511978805,1.1730090909090927,0.015846523721291413
ppo_bsp,['4'],['0'],Inventory-RS,5,0.5,5,1,2,5,3,True,2.728412344893414,0.013834062273694025,0.7976804597772051,0.003363552069839936,1.1722409090909094,0.00983508750753929
ppo_bsp,['4'],['0'],Inventory-RS,5,0.5,5,1,2,5,5,True,2.7243807099677286,0.006980513895987687,0.7914341351740078,0.003462600422164244,1.1754727272727252,0.010445988593044285
ppo_bsp,['4'],['0'],Inventory-RS,5,0.5,5,1,2,10,3,True,3.3649061406299716,0.016000848669964988,0.9014251765923286,0.0017967402696446788,1.6709590909090912,0.00826944115553259
ppo_bsp,['4'],['0'],Inventory-RS,5,0.5,5,1,2,10,5,True,3.3589200490886784,0.02456822517438438,0.9071504506235113,0.00390621556167926,1.763972727272727,0.018212657935921577
ppo_bsp,['2'],['0'],Inventory-RS,5,0.5,10,1,2,5,3,True,1.7209217762828963,0.009994027674644612,0.7571678354226596,0.004775899932320336,0.6947181818181817,0.004673947488362782
ppo_bsp,['2'],['0'],Inventory-RS,5,0.5,10,1,2,5,5,True,1.7084632516703784,0.009439560817338016,0.7630778239317917,0.004391344904220102,0.7033727272727274,0.0053273735640467544
ppo_bsp,['3'],['0'],Inventory-RS,5,0.5,10,1,2,10,3,True,2.1280123630744057,0.013966907207994773,0.8636256585598829,0.0024653602825276478,1.0245181818181819,0.0084133944761666
ppo_bsp,['3'],['0'],Inventory-RS,5,0.5,10,1,2,10,5,True,2.124417071951275,0.013028635105728225,0.863567914022157,0.0026274470813261825,1.0301318181818193,0.004645510140211138
ppo_bsp,['10'],['0'],Inventory-RS,10,0.2,5,1,2,5,3,True,5.626444252533974,0.03703771474547226,0.6865585751061425,0.006223847155385405,1.3772590909090907,0.022384700445832788
ppo_bsp,['10'],['0'],Inventory-RS,10,0.2,5,1,2,5,5,True,5.612422162628972,0.03629148346025295,0.6924586014609412,0.006130099736578624,1.5120545454545442,0.024764375573000385
ppo_bsp,['10'],['0'],Inventory-RS,10,0.2,5,1,2,10,3,True,8.26729239580019,0.045650009624237764,0.7235328721427178,0.0032169562030949068,1.4553227272727263,0.015477942850263394
ppo_bsp,['10'],['0'],Inventory-RS,10,0.2,5,1,2,10,5,True,8.292304895232034,0.09014238121529466,0.7238624821294672,0.006239341256274647,1.5464363636363616,0.03282198542551576
ppo_bsp,['6'],['0'],Inventory-RS,10,0.2,10,1,2,5,3,True,3.367519658197355,0.008008510187065672,0.7330293717349925,0.0027348423900646975,1.4465727272727245,0.010428667577306467
ppo_bsp,['6'],['0'],Inventory-RS,10,0.2,10,1,2,5,5,True,3.3875914731148584,0.011455723748025167,0.7676792880151722,0.0026647705790711577,1.6395772727272728,0.017468413643104797
ppo_bsp,['7'],['0'],Inventory-RS,10,0.2,10,1,2,10,3,True,4.167692377619199,0.02852497953839198,0.8757137570246496,0.003000201219431279,2.053872727272732,0.01457887920960997
ppo_bsp,['7'],['0'],Inventory-RS,10,0.2,10,1,2,10,5,True,4.1444161629016865,0.020470618510560652,0.8771846728122314,0.002598794699679429,2.0363227272727187,0.021197228592428168
ppo_bsp,['7'],['0'],Inventory-RS,10,0.5,5,1,2,5,3,True,4.3758556429253215,0.015377787646499101,0.859325871049391,0.0023389494844360263,1.8824818181818177,0.013475876824843193
ppo_bsp,['7'],['0'],Inventory-RS,10,0.5,5,1,2,5,5,True,4.3883187127857815,0.014056067378280785,0.8323294502431648,0.0019114376192341024,1.8879545454545454,0.011361145181481975
ppo_bsp,['8'],['0'],Inventory-RS,10,0.5,5,1,2,10,3,True,5.268769601381754,0.03446846335328597,0.9276084909645712,0.0020648777565321725,2.690536363636361,0.013212328327544605
ppo_bsp,['8'],['0'],Inventory-RS,10,0.5,5,1,2,10,5,True,5.238002818053725,0.029404023972802066,0.9278165539298848,0.002144735557342151,2.744177272727276,0.015114172239303057
ppo_bsp,['4'],['0'],Inventory-RS,10,0.5,10,1,2,5,3,True,2.797095586564247,0.011884505785082303,0.8072488613617048,0.0030478210593062756,1.231972727272726,0.010541500042238704
ppo_bsp,['4'],['0'],Inventory-RS,10,0.5,10,1,2,5,5,True,2.794804781600836,0.01144748013501269,0.7723026161733131,0.00284162756157099,1.1110363636363667,0.008644775807410852
ppo_bsp,['5'],['0'],Inventory-RS,10,0.5,10,1,2,10,3,True,3.4117494659333665,0.021657965274704087,0.9044582863002353,0.0032302157626212737,1.623359090909092,0.015327343497085743
ppo_bsp,['5'],['0'],Inventory-RS,10,0.5,10,1,2,10,5,True,3.4548429616835596,0.013132306049907803,0.9145224746263134,0.0010040052836083602,2.0022090909090924,0.008101861840915539
ppo_bsp,['6'],['0'],Inventory-RS,30,0.2,5,1,2,5,3,True,34.06556065633381,0.04984602145935002,0.0038094512293996297,0.00018918606249888613,7.72727272727269e-05,6.444294035798968e-05
ppo_bsp,['0'],['0'],Inventory-RS,30,0.2,5,1,2,5,5,True,28.680091814008456,0.058721571014098355,0.055194814507472566,0.0012080838362204616,0.007000000000000002,0.0009029336942424752
ppo_bsp,['0'],['0'],Inventory-RS,30,0.2,5,1,2,10,3,True,61.2402072633062,0.0552374495900644,0.0038642930089643145,0.0002785476499635594,0.00012727272727272685,7.551476239016392e-05
ppo_bsp,['14'],['0'],Inventory-RS,30,0.2,5,1,2,10,5,True,54.43601199945457,0.05378562666664626,0.055331009983946224,0.0010377257258924223,0.0076045454545454584,0.0006222626003558783
ppo_bsp,['20'],['0'],Inventory-RS,30,0.2,10,1,2,5,3,True,7.4635471114949326,0.048030447106641116,0.7751922735258635,0.005003569679550947,2.3468272727272725,0.03532965064752832
ppo_bsp,['18'],['0'],Inventory-RS,30,0.2,10,1,2,5,5,True,7.450984046179718,0.03036558642516636,0.8793976940071374,0.0019279646859513505,4.299845454545463,0.027466427290416078
ppo_bsp,['23'],['0'],Inventory-RS,30,0.2,10,1,2,10,3,True,9.066487886914231,0.059174135220022246,0.9142785224906536,0.0027883029172057964,4.713536363636376,0.05951487000798838
ppo_bsp,['21'],['0'],Inventory-RS,30,0.2,10,1,2,10,5,True,9.232984864324347,0.035713002305833685,0.9286468379403898,0.0018140020219639358,5.897304545454549,0.03641445908672177
ppo_bsp,['5'],['0'],Inventory-RS,30,0.5,5,1,2,5,3,True,33.911467660560874,0.05046995014535621,0.009654113893076022,0.0003026213708896753,0.0002318181818181806,0.00017302605736976482
ppo_bsp,['12'],['0'],Inventory-RS,30,0.5,5,1,2,5,5,True,26.483578019180946,0.12505717052398543,0.13664396277828322,0.0032723608585274754,0.02136818181818185,0.0019808431713342414
ppo_bsp,['6'],['0'],Inventory-RS,30,0.5,5,1,2,10,3,True,60.89647743284396,0.05713147119640754,0.009638681063397736,0.0003493861934408154,0.0002909090909090908,0.00010984587248722319
ppo_bsp,['0'],['0'],Inventory-RS,30,0.5,5,1,2,10,5,True,49.99498659151857,0.13363845843818475,0.13718353754485033,0.002149408082483388,0.021059090909090892,0.0017330108038557856
ppo_bsp,['13'],['0'],Inventory-RS,30,0.5,10,1,2,5,3,True,6.331539475478388,0.041109966342537635,0.8396720506341898,0.004707193340986552,2.0391999999999952,0.036625744005644584
ppo_bsp,['11'],['0'],Inventory-RS,30,0.5,10,1,2,5,5,True,5.940948138720967,0.035198030299835883,0.8917761094924515,0.0023899748386020875,3.0341909090909143,0.019755089311850653
ppo_bsp,['14'],['0'],Inventory-RS,30,0.5,10,1,2,10,3,True,7.51509931366756,0.055213362862434875,0.9180441727436968,0.002750171056445488,3.181022727272726,0.0364334854719771
ppo_bsp,['13'],['0'],Inventory-RS,30,0.5,10,1,2,10,5,True,7.067192400345439,0.04132455868007101,0.9411307270891556,0.0014820302916202933,3.7677590909090917,0.012005061776786058
